county,state,population_2019,Elec2020
Autauga,Alabama,55869,Trump
Baldwin,Alabama,223234,Trump
Barbour,Alabama,24686,Trump
Bibb,Alabama,22394,Trump
Blount,Alabama,57826,Trump
Bullock,Alabama,10101,Biden
Butler,Alabama,19448,Trump
Calhoun,Alabama,113605,Trump
Chambers,Alabama,33254,Trump
Cherokee,Alabama,26196,Trump
Chilton,Alabama,44428,Trump
Choctaw,Alabama,12589,Trump
Clarke,Alabama,23622,Trump
Clay,Alabama,13235,Trump
Cleburne,Alabama,14910,Trump
Coffee,Alabama,52342,Trump
Colbert,Alabama,55241,Trump
Conecuh,Alabama,12067,Trump
Coosa,Alabama,10663,Trump
Covington,Alabama,37049,Trump
Crenshaw,Alabama,13772,Trump
Cullman,Alabama,83768,Trump
Dale,Alabama,49172,Trump
Dallas,Alabama,37196,Biden
DeKalb,Alabama,71513,Trump
Elmore,Alabama,81209,Trump
Escambia,Alabama,36633,Trump
Etowah,Alabama,102268,Trump
Fayette,Alabama,16302,Trump
Franklin,Alabama,31362,Trump
Geneva,Alabama,26271,Trump
Greene,Alabama,8111,Biden
Hale,Alabama,14651,Biden
Henry,Alabama,17205,Trump
Houston,Alabama,105882,Trump
Jackson,Alabama,51626,Trump
Jefferson,Alabama,658573,Biden
Lamar,Alabama,13805,Trump
Lauderdale,Alabama,92729,Trump
Lawrence,Alabama,32924,Trump
Lee,Alabama,164542,Trump
Limestone,Alabama,98915,Trump
Lowndes,Alabama,9726,Biden
Macon,Alabama,18068,Biden
Madison,Alabama,372909,Trump
Marengo,Alabama,18863,Biden
Marion,Alabama,29709,Trump
Marshall,Alabama,96774,Trump
Mobile,Alabama,413210,Trump
Monroe,Alabama,20733,Trump
Montgomery,Alabama,226486,Biden
Morgan,Alabama,119679,Trump
Perry,Alabama,8923,Biden
Pickens,Alabama,19930,Trump
Pike,Alabama,33114,Trump
Randolph,Alabama,22722,Trump
Russell,Alabama,57961,Biden
St. Clair,Alabama,89512,Trump
Shelby,Alabama,217702,Trump
Sumter,Alabama,12427,Biden
Talladega,Alabama,79978,Trump
Tallapoosa,Alabama,40367,Trump
Tuscaloosa,Alabama,209355,Trump
Walker,Alabama,63521,Trump
Washington,Alabama,16326,Trump
Wilcox,Alabama,10373,Biden
Winston,Alabama,23629,Trump
Aleutians East Borough[d],Alaska,3337,Trump
Aleutians West Census Area[e],Alaska,5634,Trump
"Anchorage, Municipality of[d][f] ",Alaska,288000,Trump
Bethel Census Area[e],Alaska,18386,Trump
Bristol Bay Borough[d],Alaska,836,Trump
Chugach Census Area[e],Alaska,6734,Trump
Copper River Census Area[e],Alaska,2764,Trump
Denali Borough[d],Alaska,2097,Trump
Dillingham Census Area[e],Alaska,4916,Trump
Fairbanks North Star Borough[d],Alaska,96849,Trump
Haines Borough[d],Alaska,2530,Trump
Hoonah–Angoon Census Area[e],Alaska,2148,Trump
"Juneau, City and Borough of[d][g] ",Alaska,31974,Trump
Kenai Peninsula Borough[d],Alaska,58708,Trump
Ketchikan Gateway Borough[d],Alaska,13901,Trump
Kodiak Island Borough[d],Alaska,12998,Trump
Kusilvak Census Area[e],Alaska,8314,Trump
Lake and Peninsula Borough[d],Alaska,1592,Trump
Matanuska-Susitna Borough[d],Alaska,108317,Trump
Nome Census Area[e],Alaska,10004,Trump
North Slope Borough[d],Alaska,9832,Trump
Northwest Arctic Borough[d],Alaska,7621,Trump
Petersburg Borough[d][h],Alaska,3266,Trump
Prince of Wales – Hyder Census Area[e],Alaska,6203,Trump
"Sitka, City and Borough of[d][i] ",Alaska,8493,Trump
"Skagway, Municipality of[d] ",Alaska,1183,Trump
Southeast Fairbanks Census Area[e],Alaska,6893,Trump
"Wrangell, City and Borough of[d] ",Alaska,2502,Trump
"Yakutat, City and Borough of[d][j] ",Alaska,579,Trump
Yukon–Koyukuk Census Area[e],Alaska,5230,Trump
Eastern District[12],American Samoa,23030,
Manu'a District[12],American Samoa,1143,
Rose Atoll (Rose Island)[12],American Samoa,0,
Swains Island[12],American Samoa,17,
Western District[12],American Samoa,31329,
Apache,Arizona,71887,Biden
Cochise,Arizona,125922,Trump
Coconino,Arizona,143476,Biden
Gila,Arizona,54018,Trump
Graham,Arizona,38837,Trump
Greenlee,Arizona,9498,Trump
La Paz,Arizona,21108,Trump
Maricopa,Arizona,4485414,Biden
Mohave,Arizona,212181,Trump
Navajo,Arizona,110924,Trump
Pima,Arizona,1047279,Biden
Pinal,Arizona,462789,Trump
Santa Cruz,Arizona,46498,Biden
Yavapai,Arizona,235099,Trump
Yuma,Arizona,213787,Trump
Arkansas,Arkansas,17486,Trump
Ashley,Arkansas,19657,Trump
Baxter,Arkansas,41932,Trump
Benton,Arkansas,279141,Trump
Boone,Arkansas,37432,Trump
Bradley,Arkansas,10763,Trump
Calhoun,Arkansas,5189,Trump
Carroll,Arkansas,28380,Trump
Chicot,Arkansas,10118,Biden
Clark,Arkansas,22320,Trump
Clay,Arkansas,14551,Trump
Cleburne,Arkansas,24919,Trump
Cleveland,Arkansas,7956,Trump
Columbia,Arkansas,23457,Trump
Conway,Arkansas,20846,Trump
Craighead,Arkansas,110332,Trump
Crawford,Arkansas,63257,Trump
Crittenden,Arkansas,47955,Biden
Cross,Arkansas,16419,Trump
Dallas,Arkansas,7009,Trump
Desha,Arkansas,11361,Biden
Drew,Arkansas,18219,Trump
Faulkner,Arkansas,126007,Trump
Franklin,Arkansas,17715,Trump
Fulton,Arkansas,12477,Trump
Garland,Arkansas,99386,Trump
Grant,Arkansas,18265,Trump
Greene,Arkansas,45325,Trump
Hempstead,Arkansas,21532,Trump
Hot Spring,Arkansas,33771,Trump
Howard,Arkansas,13202,Trump
Independence,Arkansas,37825,Trump
Izard,Arkansas,13629,Trump
Jackson,Arkansas,16719,Trump
Jefferson,Arkansas,66824,Biden
Johnson,Arkansas,26578,Trump
Lafayette,Arkansas,6624,Trump
Lawrence,Arkansas,16406,Trump
Lee,Arkansas,8857,Biden
Lincoln,Arkansas,13024,Trump
Little River,Arkansas,12259,Trump
Logan,Arkansas,21466,Trump
Lonoke,Arkansas,73309,Trump
Madison,Arkansas,16576,Trump
Marion,Arkansas,16694,Trump
Miller,Arkansas,43257,Trump
Mississippi,Arkansas,40651,Trump
Monroe,Arkansas,6701,Trump
Montgomery,Arkansas,8986,Trump
Nevada,Arkansas,8252,Trump
Newton,Arkansas,7753,Trump
Ouachita,Arkansas,23382,Trump
Perry,Arkansas,10455,Trump
Phillips,Arkansas,17782,Biden
Pike,Arkansas,10718,Trump
Poinsett,Arkansas,23528,Trump
Polk,Arkansas,19964,Trump
Pope,Arkansas,64072,Trump
Prairie,Arkansas,8062,Trump
Pulaski,Arkansas,391911,Biden
Randolph,Arkansas,17958,Trump
St. Francis,Arkansas,24994,Biden
Saline,Arkansas,122437,Trump
Scott,Arkansas,10281,Trump
Searcy,Arkansas,7881,Trump
Sebastian,Arkansas,127827,Trump
Sevier,Arkansas,17007,Trump
Sharp,Arkansas,17442,Trump
Stone,Arkansas,12506,Trump
Union,Arkansas,38682,Trump
Van Buren,Arkansas,16545,Trump
Washington,Arkansas,239187,Trump
White,Arkansas,78753,Trump
Woodruff,Arkansas,6320,Trump
Yell,Arkansas,21341,Trump
Alameda,California,1671329,Biden
Alpine,California,1129,Biden
Amador,California,39752,Trump
Butte,California,219186,Biden
Calaveras,California,45905,Trump
Colusa,California,21547,Trump
Contra Costa,California,1153526,Biden
Del Norte,California,27812,Trump
El Dorado,California,192843,Trump
Fresno,California,999101,Biden
Glenn,California,28393,Trump
Humboldt,California,135558,Biden
Imperial,California,181215,Biden
Inyo,California,18039,Biden
Kern,California,900202,Trump
Kings,California,152940,Trump
Lake,California,64386,Biden
Lassen,California,30573,Trump
Los Angeles,California,10039107,Biden
Madera,California,157327,Trump
Marin,California,258826,Biden
Mariposa,California,17203,Trump
Mendocino,California,86749,Biden
Merced,California,277680,Biden
Modoc,California,8841,Trump
Mono,California,14444,Biden
Monterey,California,434061,Biden
Napa,California,137744,Biden
Nevada,California,99755,Biden
Orange,California,3175692,Biden
Placer,California,398329,Trump
Plumas,California,18807,Trump
Riverside,California,2470546,Biden
Sacramento,California,1552058,Biden
San Benito,California,62808,Biden
San Bernardino,California,2180085,Biden
San Diego,California,3338330,Biden
"San Francisco, City and County of[k] ",California,881549,Biden
San Joaquin,California,762148,Biden
San Luis Obispo,California,283111,Biden
San Mateo,California,766573,Biden
Santa Barbara,California,446499,Biden
Santa Clara,California,1927852,Biden
Santa Cruz,California,273213,Biden
Shasta,California,180080,Trump
Sierra,California,3005,Trump
Siskiyou,California,43539,Trump
Solano,California,447643,Biden
Sonoma,California,494336,Biden
Stanislaus,California,550660,Biden
Sutter,California,96971,Trump
Tehama,California,65084,Trump
Trinity,California,12285,Trump
Tulare,California,466195,Trump
Tuolumne,California,54478,Trump
Ventura,California,846006,Biden
Yolo,California,220500,Biden
Yuba,California,78668,Trump
Adams,Colorado,517421,Biden
Alamosa,Colorado,16233,Trump
Arapahoe,Colorado,656590,Biden
Archuleta,Colorado,14029,Trump
Baca,Colorado,3581,Trump
Bent,Colorado,5577,Trump
Boulder,Colorado,326196,Biden
"Broomfield, City and County of[l] ",Colorado,70465,Biden
Chaffee,Colorado,20356,Biden
Cheyenne,Colorado,1831,Trump
Clear Creek,Colorado,9700,Biden
Conejos,Colorado,8205,Trump
Costilla,Colorado,3887,Biden
Crowley,Colorado,6061,Trump
Custer,Colorado,5068,Trump
Delta,Colorado,31162,Trump
"Denver, City and County of[m] ",Colorado,727211,Biden
Dolores,Colorado,2055,Trump
Douglas,Colorado,351154,Trump
Eagle,Colorado,55127,Biden
Elbert,Colorado,26729,Biden
El Paso,Colorado,720403,Trump
Fremont,Colorado,47839,Trump
Garfield,Colorado,60061,Trump
Gilpin,Colorado,6243,Biden
Grand,Colorado,15734,Trump
Gunnison,Colorado,17462,Biden
Hinsdale,Colorado,820,Trump
Huerfano,Colorado,6897,Trump
Jackson,Colorado,1392,Trump
Jefferson,Colorado,582881,Biden
Kiowa,Colorado,1406,Trump
Kit Carson,Colorado,7097,Trump
Lake,Colorado,8127,Biden
La Plata,Colorado,56221,Biden
Larimer,Colorado,356899,Biden
Las Animas,Colorado,14506,Trump
Lincoln,Colorado,5701,Trump
Logan,Colorado,22409,Trump
Mesa,Colorado,154210,Trump
Mineral,Colorado,769,Trump
Moffat,Colorado,13283,Trump
Montezuma,Colorado,26183,Trump
Montrose,Colorado,42758,Trump
Morgan,Colorado,29068,Trump
Otero,Colorado,18278,Trump
Ouray,Colorado,4952,Biden
Park,Colorado,18845,Trump
Phillips,Colorado,4265,Trump
Pitkin,Colorado,17767,Biden
Prowers,Colorado,12172,Trump
Pueblo,Colorado,168424,Biden
Rio Blanco,Colorado,6324,Trump
Rio Grande,Colorado,11267,Trump
Routt,Colorado,25638,Biden
Saguache,Colorado,6824,Biden
San Juan,Colorado,728,Biden
San Miguel,Colorado,8179,Biden
Sedgwick,Colorado,2248,Trump
Summit,Colorado,31011,Biden
Teller,Colorado,25388,Trump
Washington,Colorado,4908,Trump
Weld,Colorado,324492,Trump
Yuma,Colorado,10019,Trump
Fairfield,Connecticut,943332,Biden
Hartford,Connecticut,891720,Biden
Litchfield,Connecticut,180333,Trump
Middlesex,Connecticut,162436,Biden
New Haven,Connecticut,854757,Biden
New London,Connecticut,265206,Biden
Tolland,Connecticut,150721,Biden
Windham,Connecticut,116782,Trump
Kent,Delaware,180786,Biden
New Castle,Delaware,558753,Biden
Sussex,Delaware,234225,Trump
District of Columbia[o],District of Columbia,705749,Biden
Alachua,Florida,269043,Biden
Baker,Florida,29210,Trump
Bay,Florida,174705,Trump
Bradford,Florida,28201,Trump
Brevard,Florida,601942,Trump
Broward,Florida,1952778,Biden
Calhoun,Florida,14105,Trump
Charlotte,Florida,188910,Trump
Citrus,Florida,149657,Trump
Clay,Florida,219252,Trump
Collier,Florida,384902,Trump
Columbia,Florida,71686,Trump
DeSoto,Florida,38001,Trump
Dixie,Florida,16826,Trump
Duval,Florida,957755,Biden
Escambia,Florida,318316,Trump
Flagler,Florida,115081,Trump
Franklin,Florida,12125,Trump
Gadsden,Florida,45660,Biden
Gilchrist,Florida,18582,Trump
Glades,Florida,13811,Trump
Gulf,Florida,13639,Trump
Hamilton,Florida,14428,Trump
Hardee,Florida,26937,Trump
Hendry,Florida,42022,Trump
Hernando,Florida,193920,Trump
Highlands,Florida,106221,Trump
Hillsborough,Florida,1471968,Biden
Holmes,Florida,19617,Trump
Indian River,Florida,159923,Trump
Jackson,Florida,46414,Trump
Jefferson,Florida,14246,Trump
Lafayette,Florida,8422,Trump
Lake,Florida,367118,Trump
Lee,Florida,770577,Trump
Leon,Florida,293582,Biden
Levy,Florida,41503,Trump
Liberty,Florida,8354,Trump
Madison,Florida,18493,Trump
Manatee,Florida,403253,Trump
Marion,Florida,365579,Trump
Martin,Florida,161000,Trump
Miami-Dade,Florida,2716940,Biden
Monroe,Florida,74228,Trump
Nassau,Florida,88625,Trump
Okaloosa,Florida,210738,Trump
Okeechobee,Florida,42168,Trump
Orange,Florida,1393452,Biden
Osceola,Florida,375751,Biden
Palm Beach,Florida,1496770,Biden
Pasco,Florida,553947,Trump
Pinellas,Florida,974996,Biden
Polk,Florida,724777,Trump
Putnam,Florida,74521,Trump
St. Johns,Florida,264672,Trump
St. Lucie,Florida,328297,Trump
Santa Rosa,Florida,184313,Trump
Sarasota,Florida,433742,Trump
Seminole,Florida,471826,Biden
Sumter,Florida,132420,Trump
Suwannee,Florida,44417,Trump
Taylor,Florida,21569,Trump
Union,Florida,15237,Trump
Volusia,Florida,553284,Trump
Wakulla,Florida,33739,Trump
Walton,Florida,74071,Trump
Washington,Florida,25473,Trump
Appling,  Georgia,18386,Trump
Atkinson,  Georgia,8165,Trump
Bacon,  Georgia,11164,Trump
Baker,  Georgia,3038,Trump
Baldwin,  Georgia,44890,Biden
Banks,  Georgia,19234,Trump
Barrow,  Georgia,83240,Trump
Bartow,  Georgia,107738,Trump
Ben Hill,  Georgia,16700,Trump
Berrien,  Georgia,19397,Trump
Bibb,  Georgia,153159,Biden
Bleckley,  Georgia,12873,Trump
Brantley,  Georgia,19109,Trump
Brooks,  Georgia,15457,Trump
Bryan,  Georgia,39627,Trump
Bulloch,  Georgia,79608,Trump
Burke,  Georgia,22383,Trump
Butts,  Georgia,24936,Trump
Calhoun,  Georgia,6189,Biden
Camden,  Georgia,54666,Trump
Candler,  Georgia,10803,Trump
Carroll,  Georgia,119992,Trump
Catoosa,  Georgia,67580,Trump
Charlton,  Georgia,13392,Trump
Chatham,  Georgia,289430,Biden
Chattahoochee,  Georgia,10907,Trump
Chattooga,  Georgia,24789,Trump
Cherokee,  Georgia,258773,Trump
Clarke,  Georgia,128331,Biden
Clay,  Georgia,3045,Biden
Clayton,  Georgia,292256,Biden
Clinch,  Georgia,6618,Trump
Cobb,  Georgia,760141,Biden
Coffee,  Georgia,43273,Trump
Colquitt,  Georgia,45600,Trump
Columbia,  Georgia,156714,Trump
Cook,  Georgia,17270,Trump
Coweta,  Georgia,148509,Trump
Crawford,  Georgia,12404,Trump
Crisp,  Georgia,22372,Trump
Dade,  Georgia,16116,Trump
Dawson,  Georgia,26108,Trump
Decatur,  Georgia,26404,Trump
DeKalb,  Georgia,759297,Biden
Dodge,  Georgia,20605,Trump
Dooly,  Georgia,13390,Trump
Dougherty,  Georgia,87956,Biden
Douglas,  Georgia,146343,Biden
Early,  Georgia,10190,Trump
Echols,  Georgia,4006,Trump
Effingham,  Georgia,64296,Trump
Elbert,  Georgia,19194,Trump
Emanuel,  Georgia,22646,Trump
Evans,  Georgia,10654,Trump
Fannin,  Georgia,26188,Trump
Fayette,  Georgia,114421,Trump
Floyd,  Georgia,98498,Trump
Forsyth,  Georgia,244252,Trump
Franklin,  Georgia,23349,Trump
Fulton,  Georgia,1063937,Biden
Gilmer,  Georgia,31369,Trump
Glascock,  Georgia,2971,Trump
Glynn,  Georgia,85292,Trump
Gordon,  Georgia,57963,Trump
Grady,  Georgia,24633,Trump
Greene,  Georgia,18324,Trump
Gwinnett,  Georgia,936250,Biden
Habersham,  Georgia,45328,Trump
Hall,  Georgia,204441,Trump
Hancock,  Georgia,8457,Biden
Haralson,  Georgia,29792,Trump
Harris,  Georgia,35236,Trump
Hart,  Georgia,26205,Trump
Heard,  Georgia,11923,Trump
Henry,  Georgia,234561,Biden
Houston,  Georgia,157863,Trump
Irwin,  Georgia,9416,Trump
Jackson,  Georgia,72977,Trump
Jasper,  Georgia,14219,Trump
Jeff Davis,  Georgia,15115,Trump
Jefferson,  Georgia,15362,Biden
Jenkins,  Georgia,8676,Trump
Johnson,  Georgia,9643,Trump
Jones,  Georgia,28735,Trump
Lamar,  Georgia,19077,Trump
Lanier,  Georgia,10423,Trump
Laurens,  Georgia,47546,Trump
Lee,  Georgia,29992,Trump
Liberty,  Georgia,61435,Biden
Lincoln,  Georgia,7921,Trump
Long,  Georgia,19559,Trump
Lowndes,  Georgia,117406,Trump
Lumpkin,  Georgia,33610,Trump
McDuffie,  Georgia,21312,Trump
McIntosh,  Georgia,14378,Trump
Macon,  Georgia,12947,Biden
Madison,  Georgia,29880,Trump
Marion,  Georgia,8359,Trump
Meriwether,  Georgia,21167,Trump
Miller,  Georgia,5718,Trump
Mitchell,  Georgia,21863,Trump
Monroe,  Georgia,27578,Trump
Montgomery,  Georgia,9172,Trump
Morgan,  Georgia,19276,Trump
Murray,  Georgia,40096,Trump
Muscogee,  Georgia,195769,Biden
Newton,  Georgia,111744,Biden
Oconee,  Georgia,40280,Trump
Oglethorpe,  Georgia,15259,Trump
Paulding,  Georgia,168667,Trump
Peach,  Georgia,27546,Trump
Pickens,  Georgia,32591,Trump
Pierce,  Georgia,19465,Trump
Pike,  Georgia,18962,Trump
Polk,  Georgia,42613,Trump
Pulaski,  Georgia,11137,Trump
Putnam,  Georgia,22119,Trump
Quitman,  Georgia,2299,Trump
Rabun,  Georgia,17137,Trump
Randolph,  Georgia,6778,Biden
Richmond,  Georgia,202518,Biden
Rockdale,  Georgia,90896,Biden
Schley,  Georgia,5257,Trump
Screven,  Georgia,13966,Trump
Seminole,  Georgia,8090,Trump
Spalding,  Georgia,66703,Trump
Stephens,  Georgia,25925,Trump
Stewart,  Georgia,6621,Biden
Sumter,  Georgia,29524,Biden
Talbot,  Georgia,6195,Biden
Taliaferro,  Georgia,1537,Biden
Tattnall,  Georgia,25286,Trump
Taylor,  Georgia,8020,Trump
Telfair,  Georgia,15860,Trump
Terrell,  Georgia,8531,Biden
Thomas,  Georgia,44451,Trump
Tift,  Georgia,40644,Trump
Toombs,  Georgia,26830,Trump
Towns,  Georgia,12037,Trump
Treutlen,  Georgia,6901,Trump
Troup,  Georgia,69922,Trump
Turner,  Georgia,7985,Trump
Twiggs,  Georgia,8120,Trump
Union,  Georgia,24511,Trump
Upson,  Georgia,26320,Trump
Walker,  Georgia,69761,Trump
Walton,  Georgia,94593,Trump
Ware,  Georgia,35734,Trump
Warren,  Georgia,5254,Biden
Washington,  Georgia,20374,Biden
Wayne,  Georgia,29927,Trump
Webster,  Georgia,2607,Trump
Wheeler,  Georgia,7855,Trump
White,  Georgia,30798,Trump
Whitfield,  Georgia,104628,Trump
Wilcox,  Georgia,8635,Trump
Wilkes,  Georgia,9777,Trump
Wilkinson,  Georgia,8954,Trump
Worth,  Georgia,20247,Trump
Guam[9],Guam,162742,
Hawaii,Hawaii,201513,Biden
"Honolulu, City and County of[p] ",Hawaii,974563,Biden
Kalawao,Hawaii,86,Biden
Kauai,Hawaii,72293,Biden
Maui,Hawaii,167417,Biden
Ada,Idaho,481587,Trump
Adams,Idaho,4294,Trump
Bannock,Idaho,87808,Trump
Bear Lake,Idaho,6125,Trump
Benewah,Idaho,9298,Trump
Bingham,Idaho,46811,Trump
Blaine,Idaho,23021,Biden
Boise,Idaho,7831,Trump
Bonner,Idaho,45739,Trump
Bonneville,Idaho,119062,Trump
Boundary,Idaho,12245,Trump
Butte,Idaho,2597,Trump
Camas,Idaho,1106,Trump
Canyon,Idaho,229849,Trump
Caribou,Idaho,7155,Trump
Cassia,Idaho,24030,Trump
Clark,Idaho,845,Trump
Clearwater,Idaho,8756,Trump
Custer,Idaho,4315,Trump
Elmore,Idaho,27511,Trump
Franklin,Idaho,13876,Trump
Fremont,Idaho,13099,Trump
Gem,Idaho,18112,Trump
Gooding,Idaho,15179,Trump
Idaho,Idaho,16667,Trump
Jefferson,Idaho,29871,Trump
Jerome,Idaho,24412,Trump
Kootenai,Idaho,165697,Trump
Latah,Idaho,40108,Biden
Lemhi,Idaho,8027,Trump
Lewis,Idaho,3838,Trump
Lincoln,Idaho,5366,Trump
Madison,Idaho,39907,Trump
Minidoka,Idaho,21039,Trump
Nez Perce,Idaho,40408,Trump
Oneida,Idaho,4531,Trump
Owyhee,Idaho,11823,Trump
Payette,Idaho,23951,Trump
Power,Idaho,7681,Trump
Shoshone,Idaho,12882,Trump
Teton,Idaho,12142,Biden
Twin Falls,Idaho,86878,Trump
Valley,Idaho,11392,Trump
Washington,Idaho,10194,Trump
Adams,Illinois,65435,Trump
Alexander,Illinois,5761,Trump
Bond,Illinois,16426,Trump
Boone,Illinois,53544,Trump
Brown,Illinois,6578,Trump
Bureau,Illinois,32628,Trump
Calhoun,Illinois,4739,Trump
Carroll,Illinois,14305,Trump
Cass,Illinois,12147,Trump
Champaign,Illinois,209689,Biden
Christian,Illinois,32304,Trump
Clark,Illinois,15441,Trump
Clay,Illinois,13184,Trump
Clinton,Illinois,37562,Trump
Coles,Illinois,50621,Trump
Cook,Illinois,5150233,Biden
Crawford,Illinois,18667,Trump
Cumberland,Illinois,10766,Trump
DeKalb,Illinois,104897,Biden
De Witt,Illinois,15638,Trump
Douglas,Illinois,19465,Trump
DuPage,Illinois,922921,Biden
Edgar,Illinois,17161,Trump
Edwards,Illinois,6395,Trump
Effingham,Illinois,34008,Trump
Fayette,Illinois,21336,Trump
Ford,Illinois,12961,Trump
Franklin,Illinois,38469,Trump
Fulton,Illinois,34340,Trump
Gallatin,Illinois,4828,Trump
Greene,Illinois,12969,Trump
Grundy,Illinois,51054,Trump
Hamilton,Illinois,8116,Trump
Hancock,Illinois,17708,Trump
Hardin,Illinois,3821,Trump
Henderson,Illinois,6646,Trump
Henry,Illinois,48913,Trump
Iroquois,Illinois,27114,Trump
Jackson,Illinois,56750,Biden
Jasper,Illinois,9610,Trump
Jefferson,Illinois,37684,Trump
Jersey,Illinois,21773,Trump
Jo Daviess,Illinois,21235,Trump
Johnson,Illinois,12417,Trump
Kane,Illinois,532403,Biden
Kankakee,Illinois,109862,Trump
Kendall,Illinois,128990,Biden
Knox,Illinois,49699,Trump
Lake,Illinois,696535,Biden
LaSalle,Illinois,108669,Trump
Lawrence,Illinois,15678,Trump
Lee,Illinois,34096,Trump
Livingston,Illinois,35648,Trump
Logan,Illinois,28618,Trump
McDonough,Illinois,29682,Trump
McHenry,Illinois,307774,Trump
McLean,Illinois,171517,Biden
Macon,Illinois,104009,Trump
Macoupin,Illinois,44926,Trump
Madison,Illinois,262966,Trump
Marion,Illinois,37205,Trump
Marshall,Illinois,11438,Trump
Mason,Illinois,13359,Trump
Massac,Illinois,13772,Trump
Menard,Illinois,12196,Trump
Mercer,Illinois,15437,Trump
Monroe,Illinois,34637,Trump
Montgomery,Illinois,28414,Trump
Morgan,Illinois,33658,Trump
Moultrie,Illinois,14501,Trump
Ogle,Illinois,50643,Trump
Peoria,Illinois,179179,Biden
Perry,Illinois,20916,Trump
Piatt,Illinois,16344,Trump
Pike,Illinois,15561,Trump
Pope,Illinois,4177,Trump
Pulaski,Illinois,5335,Trump
Putnam,Illinois,5739,Trump
Randolph,Illinois,31782,Trump
Richland,Illinois,15513,Trump
Rock Island,Illinois,141879,Trump
St. Clair,Illinois,259686,Biden
Saline,Illinois,23491,Trump
Sangamon,Illinois,194672,Trump
Schuyler,Illinois,6768,Trump
Scott,Illinois,4951,Trump
Shelby,Illinois,21634,Trump
Stark,Illinois,5342,Trump
Stephenson,Illinois,44498,Trump
Tazewell,Illinois,131803,Trump
Union,Illinois,16653,Trump
Vermilion,Illinois,75758,Trump
Wabash,Illinois,11520,Trump
Warren,Illinois,16844,Trump
Washington,Illinois,13887,Trump
Wayne,Illinois,16215,Trump
White,Illinois,13537,Trump
Whiteside,Illinois,55175,Trump
Will,Illinois,690743,Biden
Williamson,Illinois,66597,Trump
Winnebago,Illinois,282572,Biden
Woodford,Illinois,38459,Trump
Adams,Indiana,35777,Trump
Allen,Indiana,379299,Trump
Bartholomew,Indiana,83779,Trump
Benton,Indiana,8748,Trump
Blackford,Indiana,11758,Trump
Boone,Indiana,67843,Trump
Brown,Indiana,15092,Trump
Carroll,Indiana,20257,Trump
Cass,Indiana,37689,Trump
Clark,Indiana,118302,Trump
Clay,Indiana,26225,Trump
Clinton,Indiana,32399,Trump
Crawford,Indiana,10577,Trump
Daviess,Indiana,33351,Trump
Dearborn,Indiana,49458,Trump
Decatur,Indiana,26559,Trump
DeKalb,Indiana,43475,Trump
Delaware,Indiana,114135,Trump
Dubois,Indiana,42736,Trump
Elkhart,Indiana,206341,Trump
Fayette,Indiana,23102,Trump
Floyd,Indiana,78522,Trump
Fountain,Indiana,16346,Trump
Franklin,Indiana,22758,Trump
Fulton,Indiana,19974,Trump
Gibson,Indiana,33659,Trump
Grant,Indiana,65769,Trump
Greene,Indiana,31922,Trump
Hamilton,Indiana,338011,Trump
Hancock,Indiana,78168,Trump
Harrison,Indiana,40515,Trump
Hendricks,Indiana,170311,Trump
Henry,Indiana,47972,Trump
Howard,Indiana,82544,Trump
Huntington,Indiana,36520,Trump
Jackson,Indiana,44231,Trump
Jasper,Indiana,33562,Trump
Jay,Indiana,20436,Trump
Jefferson,Indiana,32308,Trump
Jennings,Indiana,27735,Trump
Johnson,Indiana,158167,Trump
Knox,Indiana,36594,Trump
Kosciusko,Indiana,79456,Trump
LaGrange,Indiana,39614,Trump
Lake,Indiana,485493,Biden
LaPorte,Indiana,109888,Trump
Lawrence,Indiana,45370,Trump
Madison,Indiana,129569,Trump
Marion,Indiana,964582,Biden
Marshall,Indiana,46258,Trump
Martin,Indiana,10255,Trump
Miami,Indiana,35516,Trump
Monroe,Indiana,148431,Biden
Montgomery,Indiana,38338,Trump
Morgan,Indiana,70489,Trump
Newton,Indiana,13984,Trump
Noble,Indiana,47744,Trump
Ohio,Indiana,5875,Trump
Orange,Indiana,19646,Trump
Owen,Indiana,20799,Trump
Parke,Indiana,16937,Trump
Perry,Indiana,19169,Trump
Pike,Indiana,12389,Trump
Porter,Indiana,170389,Trump
Posey,Indiana,25427,Trump
Pulaski,Indiana,12353,Trump
Putnam,Indiana,37576,Trump
Randolph,Indiana,24665,Trump
Ripley,Indiana,28324,Trump
Rush,Indiana,16581,Trump
St. Joseph,Indiana,271826,Biden
Scott,Indiana,23873,Trump
Shelby,Indiana,44729,Trump
Spencer,Indiana,20277,Trump
Starke,Indiana,22995,Trump
Steuben,Indiana,34594,Trump
Sullivan,Indiana,20669,Trump
Switzerland,Indiana,10751,Trump
Tippecanoe,Indiana,195732,Biden
Tipton,Indiana,15148,Trump
Union,Indiana,7054,Trump
Vanderburgh,Indiana,181451,Trump
Vermillion,Indiana,15498,Trump
Vigo,Indiana,107038,Trump
Wabash,Indiana,30996,Trump
Warren,Indiana,8265,Trump
Warrick,Indiana,62998,Trump
Washington,Indiana,28036,Trump
Wayne,Indiana,65884,Trump
Wells,Indiana,28296,Trump
White,Indiana,24102,Trump
Whitley,Indiana,33964,Trump
Adair,Iowa,7152,Trump
Adams,Iowa,3602,Trump
Allamakee,Iowa,13687,Trump
Appanoose,Iowa,12426,Trump
Audubon,Iowa,5496,Trump
Benton,Iowa,25645,Trump
Black Hawk,Iowa,131228,Biden
Boone,Iowa,26234,Trump
Bremer,Iowa,25062,Trump
Buchanan,Iowa,21175,Trump
Buena Vista,Iowa,19620,Trump
Butler,Iowa,14439,Trump
Calhoun,Iowa,9668,Trump
Carroll,Iowa,20165,Trump
Cass,Iowa,12836,Trump
Cedar,Iowa,18627,Trump
Cerro Gordo,Iowa,42450,Trump
Cherokee,Iowa,11235,Trump
Chickasaw,Iowa,11933,Trump
Clarke,Iowa,9395,Trump
Clay,Iowa,16016,Trump
Clayton,Iowa,17549,Trump
Clinton,Iowa,46429,Trump
Crawford,Iowa,16820,Trump
Dallas,Iowa,93453,Trump
Davis,Iowa,9000,Trump
Decatur,Iowa,7870,Trump
Delaware,Iowa,17011,Trump
Des Moines,Iowa,38967,Trump
Dickinson,Iowa,17258,Trump
Dubuque,Iowa,97311,Trump
Emmet,Iowa,9208,Trump
Fayette,Iowa,19650,Trump
Floyd,Iowa,15642,Trump
Franklin,Iowa,10070,Trump
Fremont,Iowa,6960,Trump
Greene,Iowa,8888,Trump
Grundy,Iowa,12232,Trump
Guthrie,Iowa,10689,Trump
Hamilton,Iowa,14773,Trump
Hancock,Iowa,10630,Trump
Hardin,Iowa,16846,Trump
Harrison,Iowa,14049,Trump
Henry,Iowa,19954,Trump
Howard,Iowa,9158,Trump
Humboldt,Iowa,9558,Trump
Ida,Iowa,6860,Trump
Iowa,Iowa,16184,Trump
Jackson,Iowa,19439,Trump
Jasper,Iowa,37185,Trump
Jefferson,Iowa,18295,Trump
Johnson,Iowa,151140,Biden
Jones,Iowa,20681,Trump
Keokuk,Iowa,10246,Trump
Kossuth,Iowa,14813,Trump
Lee,Iowa,33657,Trump
Linn,Iowa,226706,Biden
Louisa,Iowa,11035,Trump
Lucas,Iowa,8600,Trump
Lyon,Iowa,11755,Trump
Madison,Iowa,16338,Trump
Mahaska,Iowa,22095,Trump
Marion,Iowa,33253,Trump
Marshall,Iowa,39369,Trump
Mills,Iowa,15109,Trump
Mitchell,Iowa,10586,Trump
Monona,Iowa,8615,Trump
Monroe,Iowa,7707,Trump
Montgomery,Iowa,9917,Trump
Muscatine,Iowa,42664,Trump
O'Brien,Iowa,13753,Trump
Osceola,Iowa,5958,Trump
Page,Iowa,15107,Trump
Palo Alto,Iowa,8886,Trump
Plymouth,Iowa,25177,Trump
Pocahontas,Iowa,6619,Trump
Polk,Iowa,490161,Biden
Pottawattamie,Iowa,93206,Trump
Poweshiek,Iowa,18504,Trump
Ringgold,Iowa,4894,Trump
Sac,Iowa,9721,Trump
Scott,Iowa,172943,Biden
Shelby,Iowa,11454,Trump
Sioux,Iowa,34855,Trump
Story,Iowa,97117,Biden
Tama,Iowa,16854,Trump
Taylor,Iowa,6121,Trump
Union,Iowa,12241,Trump
Van Buren,Iowa,7044,Trump
Wapello,Iowa,34969,Trump
Warren,Iowa,51466,Trump
Washington,Iowa,21965,Trump
Wayne,Iowa,6441,Trump
Webster,Iowa,35904,Trump
Winnebago,Iowa,10354,Trump
Winneshiek,Iowa,19991,Trump
Woodbury,Iowa,103107,Trump
Worth,Iowa,7381,Trump
Wright,Iowa,12562,Trump
Allen,Kansas,12369,Trump
Anderson,Kansas,7858,Trump
Atchison,Kansas,16073,Trump
Barber,Kansas,4427,Trump
Barton,Kansas,25779,Trump
Bourbon,Kansas,14534,Trump
Brown,Kansas,9564,Trump
Butler,Kansas,66911,Trump
Chase,Kansas,2648,Trump
Chautauqua,Kansas,3250,Trump
Cherokee,Kansas,19939,Trump
Cheyenne,Kansas,2657,Trump
Clark,Kansas,1994,Trump
Clay,Kansas,8002,Trump
Cloud,Kansas,8786,Trump
Coffey,Kansas,8179,Trump
Comanche,Kansas,1700,Trump
Cowley,Kansas,34908,Trump
Crawford,Kansas,38818,Trump
Decatur,Kansas,2827,Trump
Dickinson,Kansas,18466,Trump
Doniphan,Kansas,7600,Trump
Douglas,Kansas,122259,Biden
Edwards,Kansas,2798,Trump
Elk,Kansas,2530,Trump
Ellis,Kansas,28553,Trump
Ellsworth,Kansas,6102,Trump
Finney,Kansas,36467,Trump
Ford,Kansas,33619,Trump
Franklin,Kansas,25544,Trump
Geary,Kansas,31670,Trump
Gove,Kansas,2636,Trump
Graham,Kansas,2482,Trump
Grant,Kansas,7150,Trump
Gray,Kansas,5988,Trump
Greeley,Kansas,1232,Trump
Greenwood,Kansas,5982,Trump
Hamilton,Kansas,2539,Trump
Harper,Kansas,5436,Trump
Harvey,Kansas,34429,Trump
Haskell,Kansas,3968,Trump
Hodgeman,Kansas,1794,Trump
Jackson,Kansas,13171,Trump
Jefferson,Kansas,19043,Trump
Jewell,Kansas,2879,Trump
Johnson,Kansas,602401,Biden
Kearny,Kansas,3838,Trump
Kingman,Kansas,7152,Trump
Kiowa,Kansas,2475,Trump
Labette,Kansas,19618,Trump
Lane,Kansas,1535,Trump
Leavenworth,Kansas,81758,Trump
Lincoln,Kansas,2962,Trump
Linn,Kansas,9703,Trump
Logan,Kansas,2794,Trump
Lyon,Kansas,33195,Trump
McPherson,Kansas,28542,Trump
Marion,Kansas,11884,Trump
Marshall,Kansas,9707,Trump
Meade,Kansas,4033,Trump
Miami,Kansas,34237,Trump
Mitchell,Kansas,5979,Trump
Montgomery,Kansas,31829,Trump
Morris,Kansas,5620,Trump
Morton,Kansas,2587,Trump
Nemaha,Kansas,10231,Trump
Neosho,Kansas,16007,Trump
Ness,Kansas,2750,Trump
Norton,Kansas,5361,Trump
Osage,Kansas,15949,Trump
Osborne,Kansas,3421,Trump
Ottawa,Kansas,5704,Trump
Pawnee,Kansas,6414,Trump
Phillips,Kansas,5234,Trump
Pottawatomie,Kansas,24383,Trump
Pratt,Kansas,9164,Trump
Rawlins,Kansas,2530,Trump
Reno,Kansas,61998,Trump
Republic,Kansas,4636,Trump
Rice,Kansas,9537,Trump
Riley,Kansas,74232,Biden
Rooks,Kansas,4920,Trump
Rush,Kansas,3036,Trump
Russell,Kansas,6856,Trump
Saline,Kansas,54224,Trump
Scott,Kansas,4823,Trump
Sedgwick,Kansas,516042,Trump
Seward,Kansas,21428,Trump
Shawnee,Kansas,176875,Biden
Sheridan,Kansas,2521,Trump
Sherman,Kansas,5917,Trump
Smith,Kansas,3583,Trump
Stafford,Kansas,4156,Trump
Stanton,Kansas,2006,Trump
Stevens,Kansas,5485,Trump
Sumner,Kansas,22836,Trump
Thomas,Kansas,7777,Trump
Trego,Kansas,2803,Trump
Wabaunsee,Kansas,6931,Trump
Wallace,Kansas,1518,Trump
Washington,Kansas,5406,Trump
Wichita,Kansas,2119,Trump
Wilson,Kansas,8525,Trump
Woodson,Kansas,3138,Trump
Wyandotte,Kansas,165429,Biden
Adair,Kentucky,19202,Trump
Allen,Kentucky,21315,Trump
Anderson,Kentucky,22747,Trump
Ballard,Kentucky,7888,Trump
Barren,Kentucky,44249,Trump
Bath,Kentucky,12500,Trump
Bell,Kentucky,26032,Trump
Boone,Kentucky,133581,Trump
Bourbon,Kentucky,19788,Trump
Boyd,Kentucky,46718,Trump
Boyle,Kentucky,30060,Trump
Bracken,Kentucky,8303,Trump
Breathitt,Kentucky,12630,Trump
Breckinridge,Kentucky,20477,Trump
Bullitt,Kentucky,81676,Trump
Butler,Kentucky,12879,Trump
Caldwell,Kentucky,12747,Trump
Calloway,Kentucky,39001,Trump
Campbell,Kentucky,93584,Trump
Carlisle,Kentucky,4760,Trump
Carroll,Kentucky,10631,Trump
Carter,Kentucky,26797,Trump
Casey,Kentucky,16159,Trump
Christian,Kentucky,70461,Trump
Clark,Kentucky,36263,Trump
Clay,Kentucky,19901,Trump
Clinton,Kentucky,10218,Trump
Crittenden,Kentucky,8806,Trump
Cumberland,Kentucky,6614,Trump
Daviess,Kentucky,101511,Trump
Edmonson,Kentucky,12150,Trump
Elliott,Kentucky,7517,Trump
Estill,Kentucky,14106,Trump
Fayette,Kentucky,323152,Biden
Fleming,Kentucky,14581,Trump
Floyd,Kentucky,35589,Trump
Franklin,Kentucky,50991,Trump
Fulton,Kentucky,5969,Trump
Gallatin,Kentucky,8869,Trump
Garrard,Kentucky,17666,Trump
Grant,Kentucky,25069,Trump
Graves,Kentucky,37266,Trump
Grayson,Kentucky,26427,Trump
Green,Kentucky,10941,Trump
Greenup,Kentucky,35098,Trump
Hancock,Kentucky,8722,Trump
Hardin,Kentucky,110958,Trump
Harlan,Kentucky,26010,Trump
Harrison,Kentucky,18886,Trump
Hart,Kentucky,19035,Trump
Henderson,Kentucky,45210,Trump
Henry,Kentucky,16126,Trump
Hickman,Kentucky,4380,Trump
Hopkins,Kentucky,44686,Trump
Jackson,Kentucky,13329,Trump
Jefferson,Kentucky,766757,Biden
Jessamine,Kentucky,54115,Trump
Johnson,Kentucky,22188,Trump
Kenton,Kentucky,166998,Trump
Knott,Kentucky,14806,Trump
Knox,Kentucky,31145,Trump
LaRue,Kentucky,14398,Trump
Laurel,Kentucky,60813,Trump
Lawrence,Kentucky,15317,Trump
Lee,Kentucky,7403,Trump
Leslie,Kentucky,9877,Trump
Letcher,Kentucky,21553,Trump
Lewis,Kentucky,13275,Trump
Lincoln,Kentucky,24549,Trump
Livingston,Kentucky,9194,Trump
Logan,Kentucky,27102,Trump
Lyon,Kentucky,8210,Trump
McCracken,Kentucky,65418,Trump
McCreary,Kentucky,17231,Trump
McLean,Kentucky,9207,Trump
Madison,Kentucky,92987,Trump
Magoffin,Kentucky,12161,Trump
Marion,Kentucky,19273,Trump
Marshall,Kentucky,31100,Trump
Martin,Kentucky,11195,Trump
Mason,Kentucky,17070,Trump
Meade,Kentucky,28572,Trump
Menifee,Kentucky,6489,Trump
Mercer,Kentucky,21933,Trump
Metcalfe,Kentucky,10071,Trump
Monroe,Kentucky,10650,Trump
Montgomery,Kentucky,28157,Trump
Morgan,Kentucky,13309,Trump
Muhlenberg,Kentucky,30622,Trump
Nelson,Kentucky,46233,Trump
Nicholas,Kentucky,7269,Trump
Ohio,Kentucky,23994,Trump
Oldham,Kentucky,66799,Trump
Owen,Kentucky,10901,Trump
Owsley,Kentucky,4415,Trump
Pendleton,Kentucky,14590,Trump
Perry,Kentucky,25758,Trump
Pike,Kentucky,57876,Trump
Powell,Kentucky,12359,Trump
Pulaski,Kentucky,64979,Trump
Robertson,Kentucky,2108,Trump
Rockcastle,Kentucky,16695,Trump
Rowan,Kentucky,24460,Trump
Russell,Kentucky,17923,Trump
Scott,Kentucky,57004,Trump
Shelby,Kentucky,49024,Trump
Simpson,Kentucky,18572,Trump
Spencer,Kentucky,19351,Trump
Taylor,Kentucky,25769,Trump
Todd,Kentucky,12294,Trump
Trigg,Kentucky,14651,Trump
Trimble,Kentucky,8471,Trump
Union,Kentucky,14381,Trump
Warren,Kentucky,132896,Trump
Washington,Kentucky,12095,Trump
Wayne,Kentucky,20333,Trump
Webster,Kentucky,12942,Trump
Whitley,Kentucky,36264,Trump
Wolfe,Kentucky,7157,Trump
Woodford,Kentucky,26734,Trump
Acadia Parish,Louisiana,62045,Trump
Allen Parish,Louisiana,25627,Trump
Ascension Parish,Louisiana,126604,Trump
Assumption Parish,Louisiana,21891,Trump
Avoyelles Parish,Louisiana,40144,Trump
Beauregard Parish,Louisiana,37497,Trump
Bienville Parish,Louisiana,13241,Trump
Bossier Parish,Louisiana,127039,Trump
Caddo Parish,Louisiana,240204,Biden
Calcasieu Parish,Louisiana,203436,Trump
Caldwell Parish,Louisiana,9918,Trump
Cameron Parish,Louisiana,6973,Trump
Catahoula Parish,Louisiana,9494,Trump
Claiborne Parish,Louisiana,15670,Trump
Concordia Parish,Louisiana,19259,Trump
De Soto Parish,Louisiana,27463,Trump
East Baton Rouge Parish,Louisiana,440059,Biden
East Carroll Parish,Louisiana,6861,Biden
East Feliciana Parish,Louisiana,19135,Trump
Evangeline Parish,Louisiana,33395,Trump
Franklin Parish,Louisiana,20015,Trump
Grant Parish,Louisiana,22389,Trump
Iberia Parish,Louisiana,69830,Trump
Iberville Parish,Louisiana,32511,Biden
Jackson Parish,Louisiana,15744,Trump
Jefferson Parish,Louisiana,432493,Trump
Jefferson Davis Parish,Louisiana,31368,Trump
Lafayette Parish,Louisiana,244390,Trump
Lafourche Parish,Louisiana,97614,Trump
LaSalle Parish,Louisiana,14892,Trump
Lincoln Parish,Louisiana,46742,Trump
Livingston Parish,Louisiana,140789,Trump
Madison Parish,Louisiana,10951,Biden
Morehouse Parish,Louisiana,24874,Trump
Natchitoches Parish,Louisiana,38158,Trump
Orleans Parish[q],Louisiana,390144,Biden
Ouachita Parish,Louisiana,153279,Trump
Plaquemines Parish,Louisiana,23197,Trump
Pointe Coupee Parish,Louisiana,21730,Trump
Rapides Parish,Louisiana,129648,Trump
Red River Parish,Louisiana,8442,Trump
Richland Parish,Louisiana,20122,Trump
Sabine Parish,Louisiana,23884,Trump
St. Bernard Parish,Louisiana,47244,Trump
St. Charles Parish,Louisiana,53100,Trump
St. Helena Parish,Louisiana,10132,Biden
St. James Parish,Louisiana,21096,Biden
St. John the Baptist Parish,Louisiana,42837,Biden
St. Landry Parish,Louisiana,82124,Trump
St. Martin Parish,Louisiana,53431,Trump
St. Mary Parish,Louisiana,49348,Trump
St. Tammany Parish,Louisiana,260419,Trump
Tangipahoa Parish,Louisiana,134758,Trump
Tensas Parish,Louisiana,4334,Biden
Terrebonne Parish,Louisiana,110461,Trump
Union Parish,Louisiana,22108,Trump
Vermilion Parish,Louisiana,59511,Trump
Vernon Parish,Louisiana,47429,Trump
Washington Parish,Louisiana,46194,Trump
Webster Parish,Louisiana,38340,Trump
West Baton Rouge Parish,Louisiana,26465,Trump
West Carroll Parish,Louisiana,10830,Trump
West Feliciana Parish,Louisiana,15568,Trump
Winn Parish,Louisiana,13904,Trump
Androscoggin,Maine,108277,Trump
Aroostook,Maine,67055,Trump
Cumberland,Maine,295003,Biden
Franklin,Maine,30199,Trump
Hancock,Maine,54987,Biden
Kennebec,Maine,122302,Biden
Knox,Maine,39772,Biden
Lincoln,Maine,34634,Biden
Oxford,Maine,57975,Trump
Penobscot,Maine,152148,Trump
Piscataquis,Maine,16785,Trump
Sagadahoc,Maine,35856,Biden
Somerset,Maine,50484,Trump
Waldo,Maine,39715,Biden
Washington,Maine,31379,Trump
York,Maine,207641,Biden
Allegany,Maryland,70416,Trump
Anne Arundel,Maryland,579234,Biden
Baltimore,Maryland,827370,Biden
Calvert,Maryland,92525,Trump
Caroline,Maryland,33406,Trump
Carroll,Maryland,168447,Trump
Cecil,Maryland,102855,Trump
Charles,Maryland,163257,Biden
Dorchester,Maryland,31929,Trump
Frederick,Maryland,259547,Biden
Garrett,Maryland,29014,Trump
Harford,Maryland,255441,Trump
Howard,Maryland,325690,Biden
Kent,Maryland,19422,Biden
Montgomery,Maryland,1050688,Biden
Prince George's,Maryland,909327,Biden
Queen Anne's,Maryland,50381,Trump
St. Mary's,Maryland,113510,Trump
Somerset,Maryland,25616,Trump
Talbot,Maryland,37181,Biden
Washington,Maryland,151049,Trump
Wicomico,Maryland,103609,Trump
Worcester,Maryland,52276,Trump
Baltimore City,Maryland,593490,Biden
Barnstable,Massachusetts,212990,Biden
Berkshire[n],Massachusetts,124944,Biden
Bristol,Massachusetts,565217,Biden
Dukes,Massachusetts,17332,Biden
Essex[n],Massachusetts,789034,Biden
Franklin[n],Massachusetts,70180,Biden
Hampden[n],Massachusetts,466372,Biden
Hampshire[n],Massachusetts,160830,Biden
Middlesex[n],Massachusetts,1611699,Biden
"Nantucket, Town and County of[s] ",Massachusetts,11399,Biden
Norfolk,Massachusetts,706775,Biden
Plymouth,Massachusetts,521202,Biden
Suffolk[n],Massachusetts,803907,Biden
Worcester[n],Massachusetts,830622,Biden
Alcona,Michigan,10405,Trump
Alger,Michigan,9108,Trump
Allegan,Michigan,118081,Trump
Alpena,Michigan,28405,Trump
Antrim,Michigan,23324,Trump
Arenac,Michigan,14883,Trump
Baraga,Michigan,8209,Trump
Barry,Michigan,61550,Trump
Bay,Michigan,103126,Trump
Benzie,Michigan,17766,Trump
Berrien,Michigan,153401,Trump
Branch,Michigan,43517,Trump
Calhoun,Michigan,134159,Trump
Cass,Michigan,51787,Trump
Charlevoix,Michigan,26143,Trump
Cheboygan,Michigan,25276,Trump
Chippewa,Michigan,37349,Trump
Clare,Michigan,30950,Trump
Clinton,Michigan,79595,Trump
Crawford,Michigan,14029,Trump
Delta,Michigan,35784,Trump
Dickinson,Michigan,25239,Trump
Eaton,Michigan,110268,Trump
Emmet,Michigan,33415,Trump
Genesee,Michigan,405813,Biden
Gladwin,Michigan,25449,Trump
Gogebic,Michigan,13975,Trump
Grand Traverse,Michigan,93088,Trump
Gratiot,Michigan,40711,Trump
Hillsdale,Michigan,45605,Trump
Houghton,Michigan,35684,Trump
Huron,Michigan,30981,Trump
Ingham,Michigan,292406,Biden
Ionia,Michigan,64697,Trump
Iosco,Michigan,25127,Trump
Iron,Michigan,11066,Trump
Isabella,Michigan,69872,Trump
Jackson,Michigan,158510,Trump
Kalamazoo,Michigan,265066,Biden
Kalkaska,Michigan,18038,Trump
Kent,Michigan,656955,Biden
Keweenaw,Michigan,2116,Trump
Lake,Michigan,11853,Trump
Lapeer,Michigan,87607,Trump
Leelanau,Michigan,21761,Biden
Lenawee,Michigan,98451,Trump
Livingston,Michigan,191995,Trump
Luce,Michigan,6229,Trump
Mackinac,Michigan,10799,Trump
Macomb,Michigan,873972,Trump
Manistee,Michigan,24558,Trump
Marquette,Michigan,66699,Biden
Mason,Michigan,29144,Trump
Mecosta,Michigan,43453,Trump
Menominee,Michigan,22780,Trump
Midland,Michigan,83156,Trump
Missaukee,Michigan,15118,Trump
Monroe,Michigan,150500,Trump
Montcalm,Michigan,63888,Trump
Montmorency,Michigan,9328,Trump
Muskegon,Michigan,173566,Biden
Newaygo,Michigan,48980,Trump
Oakland,Michigan,1257584,Biden
Oceana,Michigan,26467,Trump
Ogemaw,Michigan,20997,Trump
Ontonagon,Michigan,5720,Trump
Osceola,Michigan,23460,Trump
Oscoda,Michigan,8241,Trump
Otsego,Michigan,24668,Trump
Ottawa,Michigan,291830,Trump
Presque Isle,Michigan,12592,Trump
Roscommon,Michigan,24019,Trump
Saginaw,Michigan,190539,Biden
St. Clair,Michigan,159128,Trump
St. Joseph,Michigan,60964,Trump
Sanilac,Michigan,41170,Trump
Schoolcraft,Michigan,8094,Trump
Shiawassee,Michigan,68122,Trump
Tuscola,Michigan,52245,Trump
Van Buren,Michigan,75677,Trump
Washtenaw,Michigan,367601,Biden
Wayne,Michigan,1749343,Biden
Wexford,Michigan,33631,Trump
Aitkin,Minnesota,15886,Trump
Anoka,Minnesota,356921,Trump
Becker,Minnesota,34423,Trump
Beltrami,Minnesota,47188,Trump
Benton,Minnesota,40889,Trump
Big Stone,Minnesota,4991,Trump
Blue Earth,Minnesota,67653,Biden
Brown,Minnesota,25008,Trump
Carlton,Minnesota,35871,Biden
Carver,Minnesota,105089,Trump
Cass,Minnesota,29779,Trump
Chippewa,Minnesota,11800,Trump
Chisago,Minnesota,56579,Trump
Clay,Minnesota,64222,Biden
Clearwater,Minnesota,8818,Trump
Cook,Minnesota,5463,Biden
Cottonwood,Minnesota,11196,Trump
Crow Wing,Minnesota,65055,Trump
Dakota,Minnesota,429021,Biden
Dodge,Minnesota,20934,Trump
Douglas,Minnesota,38141,Trump
Faribault,Minnesota,13653,Trump
Fillmore,Minnesota,21067,Trump
Freeborn,Minnesota,30281,Trump
Goodhue,Minnesota,46340,Trump
Grant,Minnesota,5972,Trump
Hennepin,Minnesota,1265843,Biden
Houston,Minnesota,18600,Trump
Hubbard,Minnesota,21491,Trump
Isanti,Minnesota,40596,Trump
Itasca,Minnesota,45130,Trump
Jackson,Minnesota,9846,Trump
Kanabec,Minnesota,16337,Trump
Kandiyohi,Minnesota,43199,Trump
Kittson,Minnesota,4298,Trump
Koochiching,Minnesota,12229,Trump
Lac qui Parle,Minnesota,6623,Trump
Lake,Minnesota,10641,Biden
Lake of the Woods,Minnesota,3740,Trump
Le Sueur,Minnesota,28887,Trump
Lincoln,Minnesota,5639,Trump
Lyon,Minnesota,25474,Trump
McLeod,Minnesota,35893,Trump
Mahnomen,Minnesota,5527,Trump
Marshall,Minnesota,9336,Trump
Martin,Minnesota,19683,Trump
Meeker,Minnesota,23222,Trump
Mille Lacs,Minnesota,26277,Trump
Morrison,Minnesota,33386,Trump
Mower,Minnesota,40062,Trump
Murray,Minnesota,8194,Trump
Nicollet,Minnesota,34274,Biden
Nobles,Minnesota,21629,Trump
Norman,Minnesota,6375,Trump
Olmsted,Minnesota,158293,Biden
Otter Tail,Minnesota,58746,Trump
Pennington,Minnesota,14119,Trump
Pine,Minnesota,29579,Trump
Pipestone,Minnesota,9126,Trump
Polk,Minnesota,31364,Trump
Pope,Minnesota,11249,Trump
Ramsey,Minnesota,550321,Biden
Red Lake,Minnesota,4055,Trump
Redwood,Minnesota,15170,Trump
Renville,Minnesota,14548,Trump
Rice,Minnesota,66972,Trump
Rock,Minnesota,9315,Trump
Roseau,Minnesota,15165,Trump
St. Louis,Minnesota,199070,Biden
Scott,Minnesota,149013,Trump
Sherburne,Minnesota,97238,Trump
Sibley,Minnesota,14865,Trump
Stearns,Minnesota,161075,Trump
Steele,Minnesota,36649,Trump
Stevens,Minnesota,9805,Trump
Swift,Minnesota,9266,Trump
Todd,Minnesota,24664,Trump
Traverse,Minnesota,3259,Trump
Wabasha,Minnesota,21627,Trump
Wadena,Minnesota,13682,Trump
Waseca,Minnesota,18612,Trump
Washington,Minnesota,262440,Biden
Watonwan,Minnesota,10897,Trump
Wilkin,Minnesota,6207,Trump
Winona,Minnesota,50484,Biden
Wright,Minnesota,138377,Trump
Yellow Medicine,Minnesota,9709,Trump
Adams,Mississippi,30693,Biden
Alcorn,Mississippi,36953,Trump
Amite,Mississippi,12297,Trump
Attala,Mississippi,18174,Trump
Benton,Mississippi,8259,Trump
Bolivar,Mississippi,30628,Biden
Calhoun,Mississippi,14361,Trump
Carroll,Mississippi,9947,Trump
Chickasaw,Mississippi,17103,Trump
Choctaw,Mississippi,8210,Trump
Claiborne,Mississippi,8988,Biden
Clarke,Mississippi,15541,Trump
Clay,Mississippi,19316,Biden
Coahoma,Mississippi,22124,Biden
Copiah,Mississippi,28065,Biden
Covington,Mississippi,18636,Trump
DeSoto,Mississippi,184945,Trump
Forrest,Mississippi,74897,Trump
Franklin,Mississippi,7713,Trump
George,Mississippi,24500,Trump
Greene,Mississippi,13586,Trump
Grenada,Mississippi,20758,Trump
Hancock,Mississippi,47632,Trump
Harrison,Mississippi,208080,Trump
Hinds,Mississippi,231840,Biden
Holmes,Mississippi,17010,Biden
Humphreys,Mississippi,8064,Biden
Issaquena,Mississippi,1327,Biden
Itawamba,Mississippi,23390,Trump
Jackson,Mississippi,143617,Trump
Jasper,Mississippi,16383,Biden
Jefferson,Mississippi,6990,Biden
Jefferson Davis,Mississippi,11128,Biden
Jones,Mississippi,68098,Trump
Kemper,Mississippi,9742,Biden
Lafayette,Mississippi,54019,Trump
Lamar,Mississippi,63343,Trump
Lauderdale,Mississippi,74125,Trump
Lawrence,Mississippi,12586,Trump
Leake,Mississippi,22786,Trump
Lee,Mississippi,85436,Trump
Leflore,Mississippi,28183,Biden
Lincoln,Mississippi,34153,Trump
Lowndes,Mississippi,58595,Trump
Madison,Mississippi,106272,Trump
Marion,Mississippi,24573,Trump
Marshall,Mississippi,35294,Biden
Monroe,Mississippi,35252,Trump
Montgomery,Mississippi,9775,Trump
Neshoba,Mississippi,29118,Trump
Newton,Mississippi,21018,Trump
Noxubee,Mississippi,10417,Biden
Oktibbeha,Mississippi,49587,Biden
Panola,Mississippi,34192,Trump
Pearl River,Mississippi,55535,Trump
Perry,Mississippi,11973,Trump
Pike,Mississippi,39288,Biden
Pontotoc,Mississippi,32174,Trump
Prentiss,Mississippi,25126,Trump
Quitman,Mississippi,6792,Biden
Rankin,Mississippi,155271,Trump
Scott,Mississippi,28124,Trump
Sharkey,Mississippi,4321,Biden
Simpson,Mississippi,26658,Trump
Smith,Mississippi,15916,Trump
Stone,Mississippi,18336,Trump
Sunflower,Mississippi,25110,Biden
Tallahatchie,Mississippi,13809,Biden
Tate,Mississippi,28321,Trump
Tippah,Mississippi,22015,Trump
Tishomingo,Mississippi,19383,Trump
Tunica,Mississippi,9632,Biden
Union,Mississippi,28815,Trump
Walthall,Mississippi,14286,Trump
Warren,Mississippi,45381,Biden
Washington,Mississippi,43909,Biden
Wayne,Mississippi,20183,Trump
Webster,Mississippi,9689,Trump
Wilkinson,Mississippi,8630,Biden
Winston,Mississippi,17955,Trump
Yalobusha,Mississippi,12108,Trump
Yazoo,Mississippi,29690,Biden
Adair,Missouri,25343,Trump
Andrew,Missouri,17712,Trump
Atchison,Missouri,5143,Trump
Audrain,Missouri,25388,Trump
Barry,Missouri,35789,Trump
Barton,Missouri,11754,Trump
Bates,Missouri,16172,Trump
Benton,Missouri,19443,Trump
Bollinger,Missouri,12133,Trump
Boone,Missouri,180463,Biden
Buchanan,Missouri,87364,Trump
Butler,Missouri,42478,Trump
Caldwell,Missouri,9020,Trump
Callaway,Missouri,44743,Trump
Camden,Missouri,46305,Trump
Cape Girardeau,Missouri,78871,Trump
Carroll,Missouri,8679,Trump
Carter,Missouri,5982,Trump
Cass,Missouri,105780,Trump
Cedar,Missouri,14349,Trump
Chariton,Missouri,7426,Trump
Christian,Missouri,88595,Trump
Clark,Missouri,6797,Trump
Clay,Missouri,249948,Trump
Clinton,Missouri,20387,Trump
Cole,Missouri,76745,Trump
Cooper,Missouri,17709,Trump
Crawford,Missouri,23920,Trump
Dade,Missouri,7561,Trump
Dallas,Missouri,16878,Trump
Daviess,Missouri,8278,Trump
DeKalb,Missouri,12547,Trump
Dent,Missouri,15573,Trump
Douglas,Missouri,13185,Trump
Dunklin,Missouri,29131,Trump
Franklin,Missouri,103967,Trump
Gasconade,Missouri,14706,Trump
Gentry,Missouri,6571,Trump
Greene,Missouri,293086,Trump
Grundy,Missouri,9850,Trump
Harrison,Missouri,8352,Trump
Henry,Missouri,21824,Trump
Hickory,Missouri,9544,Trump
Holt,Missouri,4403,Trump
Howard,Missouri,10001,Trump
Howell,Missouri,40117,Trump
Iron,Missouri,10125,Trump
Jackson,Missouri,703011,Biden
Jasper,Missouri,121328,Trump
Jefferson,Missouri,225081,Trump
Johnson,Missouri,54062,Trump
Knox,Missouri,3959,Trump
Laclede,Missouri,35723,Trump
Lafayette,Missouri,32708,Trump
Lawrence,Missouri,38355,Trump
Lewis,Missouri,9776,Trump
Lincoln,Missouri,59013,Trump
Linn,Missouri,11920,Trump
Livingston,Missouri,15227,Trump
McDonald,Missouri,22837,Trump
Macon,Missouri,15117,Trump
Madison,Missouri,12088,Trump
Maries,Missouri,8697,Trump
Marion,Missouri,28530,Trump
Mercer,Missouri,3617,Trump
Miller,Missouri,25619,Trump
Mississippi,Missouri,13180,Trump
Moniteau,Missouri,16132,Trump
Monroe,Missouri,8644,Trump
Montgomery,Missouri,11551,Trump
Morgan,Missouri,20627,Trump
New Madrid,Missouri,17076,Trump
Newton,Missouri,58236,Trump
Nodaway,Missouri,22092,Trump
Oregon,Missouri,10529,Trump
Osage,Missouri,13615,Trump
Ozark,Missouri,9174,Trump
Pemiscot,Missouri,15805,Trump
Perry,Missouri,19136,Trump
Pettis,Missouri,42339,Trump
Phelps,Missouri,44573,Trump
Pike,Missouri,18302,Trump
Platte,Missouri,104418,Trump
Polk,Missouri,32149,Trump
Pulaski,Missouri,52607,Trump
Putnam,Missouri,4696,Trump
Ralls,Missouri,10309,Trump
Randolph,Missouri,24748,Trump
Ray,Missouri,23018,Trump
Reynolds,Missouri,6270,Trump
Ripley,Missouri,13288,Trump
St. Charles,Missouri,402022,Trump
St. Clair,Missouri,9397,Trump
Ste. Genevieve,Missouri,17894,Trump
St. Francois,Missouri,67215,Trump
St. Louis,Missouri,994205,Biden
Saline,Missouri,22761,Trump
Schuyler,Missouri,4660,Trump
Scotland,Missouri,4902,Trump
Scott,Missouri,38280,Trump
Shannon,Missouri,8166,Trump
Shelby,Missouri,5930,Trump
Stoddard,Missouri,29025,Trump
Stone,Missouri,31952,Trump
Sullivan,Missouri,6089,Trump
Taney,Missouri,55928,Trump
Texas,Missouri,25398,Trump
Vernon,Missouri,20563,Trump
Warren,Missouri,35649,Trump
Washington,Missouri,24730,Trump
Wayne,Missouri,12873,Trump
Webster,Missouri,39592,Trump
Worth,Missouri,2013,Trump
Wright,Missouri,18289,Trump
"St. Louis, City of[t] ",Missouri,300576,Biden
Beaverhead,Montana,9453,Trump
Big Horn,Montana,13319,Biden
Blaine,Montana,6681,Biden
Broadwater,Montana,6237,Trump
Carbon,Montana,10725,Trump
Carter,Montana,1252,Trump
Cascade,Montana,81366,Trump
Chouteau,Montana,5635,Trump
Custer,Montana,11402,Trump
Daniels,Montana,1690,Trump
Dawson,Montana,8613,Trump
Deer Lodge,Montana,9140,Biden
Fallon,Montana,2846,Trump
Fergus,Montana,11050,Trump
Flathead,Montana,103806,Trump
Gallatin,Montana,114434,Biden
Garfield,Montana,1258,Trump
Glacier,Montana,13753,Biden
Golden Valley,Montana,821,Trump
Granite,Montana,3379,Trump
Hill,Montana,16484,Trump
Jefferson,Montana,12221,Trump
Judith Basin,Montana,2007,Trump
Lake,Montana,30458,Trump
Lewis and Clark,Montana,69432,Trump
Liberty,Montana,2337,Trump
Lincoln,Montana,19980,Trump
McCone,Montana,1664,Trump
Madison,Montana,8600,Trump
Meagher,Montana,1862,Trump
Mineral,Montana,4397,Trump
Missoula,Montana,119600,Biden
Musselshell,Montana,4633,Trump
Park,Montana,16606,Trump
Petroleum,Montana,487,Trump
Phillips,Montana,3954,Trump
Pondera,Montana,5911,Trump
Powder River,Montana,1682,Trump
Powell,Montana,6890,Trump
Prairie,Montana,1077,Trump
Ravalli,Montana,43806,Trump
Richland,Montana,10803,Trump
Roosevelt,Montana,11004,Trump
Rosebud,Montana,8937,Trump
Sanders,Montana,12113,Trump
Sheridan,Montana,3309,Trump
Silver Bow,Montana,34915,Biden
Stillwater,Montana,9642,Trump
Sweet Grass,Montana,3737,Trump
Teton,Montana,6147,Trump
Toole,Montana,4736,Trump
Treasure,Montana,696,Trump
Valley,Montana,7396,Trump
Wheatland,Montana,2126,Trump
Wibaux,Montana,969,Trump
Yellowstone,Montana,161300,Trump
Adams,Nebraska,31363,Trump
Antelope,Nebraska,6298,Trump
Arthur,Nebraska,463,Trump
Banner,Nebraska,745,Trump
Blaine,Nebraska,465,Trump
Boone,Nebraska,5192,Trump
Box Butte,Nebraska,10783,Trump
Boyd,Nebraska,1919,Trump
Brown,Nebraska,2955,Trump
Buffalo,Nebraska,49659,Trump
Burt,Nebraska,6459,Trump
Butler,Nebraska,8016,Trump
Cass,Nebraska,26248,Trump
Cedar,Nebraska,8402,Trump
Chase,Nebraska,3924,Trump
Cherry,Nebraska,5689,Trump
Cheyenne,Nebraska,8910,Trump
Clay,Nebraska,6203,Trump
Colfax,Nebraska,10709,Trump
Cuming,Nebraska,8846,Trump
Custer,Nebraska,10777,Trump
Dakota,Nebraska,20026,Trump
Dawes,Nebraska,8589,Trump
Dawson,Nebraska,23595,Trump
Deuel,Nebraska,1794,Trump
Dixon,Nebraska,5636,Trump
Dodge,Nebraska,36565,Trump
Douglas,Nebraska,571327,Biden
Dundy,Nebraska,1693,Trump
Fillmore,Nebraska,5462,Trump
Franklin,Nebraska,2979,Trump
Frontier,Nebraska,2627,Trump
Furnas,Nebraska,4676,Trump
Gage,Nebraska,21513,Trump
Garden,Nebraska,1837,Trump
Garfield,Nebraska,1969,Trump
Gosper,Nebraska,1990,Trump
Grant,Nebraska,623,Trump
Greeley,Nebraska,2356,Trump
Hall,Nebraska,61353,Trump
Hamilton,Nebraska,9324,Trump
Harlan,Nebraska,3380,Trump
Hayes,Nebraska,922,Trump
Hitchcock,Nebraska,2762,Trump
Holt,Nebraska,10067,Trump
Hooker,Nebraska,682,Trump
Howard,Nebraska,6445,Trump
Jefferson,Nebraska,7046,Trump
Johnson,Nebraska,5071,Trump
Kearney,Nebraska,6495,Trump
Keith,Nebraska,8034,Trump
Keya Paha,Nebraska,806,Trump
Kimball,Nebraska,3632,Trump
Knox,Nebraska,8332,Trump
Lancaster,Nebraska,319090,Biden
Lincoln,Nebraska,34914,Trump
Logan,Nebraska,748,Trump
Loup,Nebraska,664,Trump
McPherson,Nebraska,494,Trump
Madison,Nebraska,35099,Trump
Merrick,Nebraska,7755,Trump
Morrill,Nebraska,4642,Trump
Nance,Nebraska,3519,Trump
Nemaha,Nebraska,6972,Trump
Nuckolls,Nebraska,4148,Trump
Otoe,Nebraska,16012,Trump
Pawnee,Nebraska,2613,Trump
Perkins,Nebraska,2891,Trump
Phelps,Nebraska,9034,Trump
Pierce,Nebraska,7148,Trump
Platte,Nebraska,33470,Trump
Polk,Nebraska,5213,Trump
Red Willow,Nebraska,10724,Trump
Richardson,Nebraska,7865,Trump
Rock,Nebraska,1357,Trump
Saline,Nebraska,14224,Trump
Sarpy,Nebraska,187196,Trump
Saunders,Nebraska,21578,Trump
Scotts Bluff,Nebraska,35618,Trump
Seward,Nebraska,17284,Trump
Sheridan,Nebraska,5246,Trump
Sherman,Nebraska,3001,Trump
Sioux,Nebraska,1166,Trump
Stanton,Nebraska,5920,Trump
Thayer,Nebraska,5003,Trump
Thomas,Nebraska,722,Trump
Thurston,Nebraska,7224,Trump
Valley,Nebraska,4158,Trump
Washington,Nebraska,20729,Trump
Wayne,Nebraska,9385,Trump
Webster,Nebraska,3487,Trump
Wheeler,Nebraska,783,Trump
York,Nebraska,13679,Trump
Churchill,Nevada,24909,Trump
Clark,Nevada,2266715,Biden
Douglas,Nevada,48905,Trump
Elko,Nevada,52778,Trump
Esmeralda,Nevada,873,Trump
Eureka,Nevada,2029,Trump
Humboldt,Nevada,16831,Trump
Lander,Nevada,5532,Trump
Lincoln,Nevada,5183,Trump
Lyon,Nevada,57510,Trump
Mineral,Nevada,4505,Trump
Nye,Nevada,46523,Trump
Pershing,Nevada,6725,Trump
Storey,Nevada,4123,Trump
Washoe,Nevada,471519,Biden
White Pine,Nevada,9580,Trump
"Carson City, Consolidated Municipality of[u] ",Nevada,55916,Trump
Belknap,New Hampshire,61303,Trump
Carroll,New Hampshire,48910,Biden
Cheshire,New Hampshire,76085,Biden
Coos,New Hampshire,31563,Trump
Grafton,New Hampshire,89886,Biden
Hillsborough,New Hampshire,417025,Biden
Merrimack,New Hampshire,151391,Biden
Rockingham,New Hampshire,309769,Biden
Strafford,New Hampshire,130633,Biden
Sullivan,New Hampshire,43146,Biden
Atlantic,New Jersey,263670,Biden
Bergen,New Jersey,932202,Biden
Burlington,New Jersey,445349,Biden
Camden,New Jersey,506471,Biden
Cape May,New Jersey,92039,Trump
Cumberland,New Jersey,149527,Biden
Essex,New Jersey,798975,Biden
Gloucester,New Jersey,291636,Biden
Hudson,New Jersey,672391,Biden
Hunterdon,New Jersey,124371,Trump
Mercer,New Jersey,367430,Biden
Middlesex,New Jersey,825062,Biden
Monmouth,New Jersey,618795,Trump
Morris,New Jersey,491845,Biden
Ocean,New Jersey,607186,Trump
Passaic,New Jersey,501826,Biden
Salem,New Jersey,62385,Trump
Somerset,New Jersey,328934,Biden
Sussex,New Jersey,140488,Trump
Union,New Jersey,556341,Biden
Warren,New Jersey,105267,Trump
Bernalillo,New Mexico,679121,Biden
Catron,New Mexico,3527,Trump
Chaves,New Mexico,64615,Trump
Cibola,New Mexico,26675,Biden
Colfax,New Mexico,11941,Trump
Curry,New Mexico,48954,Trump
De Baca,New Mexico,1748,Trump
Doa Ana,New Mexico,218195,Biden
Eddy,New Mexico,58460,Trump
Grant,New Mexico,26998,Biden
Guadalupe,New Mexico,4300,Biden
Harding,New Mexico,625,Trump
Hidalgo,New Mexico,4198,Trump
Lea,New Mexico,71070,Trump
Lincoln,New Mexico,19572,Trump
Los Alamos[v],New Mexico,19369,Biden
Luna,New Mexico,23709,Trump
McKinley,New Mexico,71367,Biden
Mora,New Mexico,4521,Biden
Otero,New Mexico,67490,Trump
Quay,New Mexico,8253,Trump
Rio Arriba,New Mexico,38921,Biden
Roosevelt,New Mexico,18500,Trump
Sandoval,New Mexico,146748,Biden
San Juan,New Mexico,123958,Trump
San Miguel,New Mexico,27277,Biden
Santa Fe,New Mexico,150358,Biden
Sierra,New Mexico,10791,Trump
Socorro,New Mexico,16637,Biden
Taos,New Mexico,32723,Biden
Torrance,New Mexico,15461,Trump
Union,New Mexico,4059,Trump
Valencia,New Mexico,76688,Trump
Albany,  New York,305506,Biden
Allegany,  New York,46091,Trump
Bronx,  New York,1418207,Biden
Broome,  New York,190488,Biden
Cattaraugus,  New York,76117,Trump
Cayuga,  New York,76576,Trump
Chautauqua,  New York,126903,Trump
Chemung,  New York,83456,Trump
Chenango,  New York,47207,Trump
Clinton,  New York,80485,Biden
Columbia,  New York,59461,Biden
Cortland,  New York,47581,Trump
Delaware,  New York,44135,Trump
Dutchess,  New York,294218,Biden
Erie,  New York,918702,Biden
Essex,  New York,36885,Biden
Franklin,  New York,50022,Trump
Fulton,  New York,53383,Trump
Genesee,  New York,57280,Trump
Greene,  New York,47188,Trump
Hamilton,  New York,4416,Trump
Herkimer,  New York,61319,Trump
Jefferson,  New York,109834,Trump
Kings,  New York,2559903,Biden
Lewis,  New York,26296,Trump
Livingston,  New York,62914,Trump
Madison,  New York,70941,Trump
Monroe,  New York,741770,Biden
Montgomery,  New York,49221,Trump
Nassau,  New York,1356924,Biden
New York,  New York,1628706,Biden
Niagara,  New York,209281,Trump
Oneida,  New York,228671,Trump
Onondaga,  New York,460528,Biden
Ontario,  New York,109777,Trump
Orange,  New York,384940,Trump
Orleans,  New York,40352,Trump
Oswego,  New York,117124,Trump
Otsego,  New York,59493,Trump
Putnam,  New York,98320,Trump
Queens,  New York,2253858,Biden
Rensselaer,  New York,158714,Biden
Richmond,  New York,476143,Trump
Rockland,  New York,325789,Biden
St. Lawrence,  New York,107740,Trump
Saratoga,  New York,229863,Biden
Schenectady,  New York,155299,Biden
Schoharie,  New York,30999,Trump
Schuyler,  New York,17807,Trump
Seneca,  New York,34016,Trump
Steuben,  New York,95379,Trump
Suffolk,  New York,1476601,Trump
Sullivan,  New York,75432,Trump
Tioga,  New York,48203,Trump
Tompkins,  New York,102180,Biden
Ulster,  New York,177573,Biden
Warren,  New York,63944,Trump
Washington,  New York,61204,Trump
Wayne,  New York,89918,Trump
Westchester,  New York,967506,Biden
Wyoming,  New York,39859,Trump
Yates,  New York,24913,Trump
Alamance,North Carolina,169509,Trump
Alexander,North Carolina,37497,Trump
Alleghany,North Carolina,10939,Trump
Anson,North Carolina,26161,Biden
Ashe,North Carolina,27151,Trump
Avery,North Carolina,17713,Trump
Beaufort,North Carolina,46994,Trump
Bertie,North Carolina,20344,Biden
Bladen,North Carolina,34843,Trump
Brunswick,North Carolina,142820,Trump
Buncombe,North Carolina,261191,Biden
Burke,North Carolina,90485,Trump
Cabarrus,North Carolina,216453,Trump
Caldwell,North Carolina,82178,Trump
Camden,North Carolina,10187,Trump
Carteret,North Carolina,69743,Trump
Caswell,North Carolina,23190,Trump
Catawba,North Carolina,159551,Trump
Chatham,North Carolina,74470,Biden
Cherokee,North Carolina,27218,Trump
Chowan,North Carolina,14726,Trump
Clay,North Carolina,10584,Trump
Cleveland,North Carolina,97947,Trump
Columbus,North Carolina,55508,Trump
Craven,North Carolina,102139,Trump
Cumberland,North Carolina,335509,Biden
Currituck,North Carolina,24396,Trump
Dare,North Carolina,35019,Trump
Davidson,North Carolina,167609,Trump
Davie,North Carolina,42846,Trump
Duplin,North Carolina,58741,Trump
Durham,North Carolina,321488,Biden
Edgecombe,North Carolina,51472,Biden
Forsyth,North Carolina,382295,Biden
Franklin,North Carolina,69685,Trump
Gaston,North Carolina,224529,Trump
Gates,North Carolina,11650,Trump
Graham,North Carolina,8736,Trump
Granville,North Carolina,60443,Trump
Greene,North Carolina,21232,Trump
Guilford,North Carolina,537174,Biden
Halifax,North Carolina,50010,Biden
Harnett,North Carolina,135976,Trump
Haywood,North Carolina,62317,Trump
Henderson,North Carolina,117417,Trump
Hertford,North Carolina,24431,Biden
Hoke,North Carolina,55234,Biden
Hyde,North Carolina,5721,Trump
Iredell,North Carolina,181806,Trump
Jackson,North Carolina,43938,Trump
Johnston,North Carolina,209339,Trump
Jones,North Carolina,10215,Trump
Lee,North Carolina,61779,Trump
Lenoir,North Carolina,55949,Trump
Lincoln,North Carolina,86111,Trump
McDowell,North Carolina,45756,Trump
Macon,North Carolina,33857,Trump
Madison,North Carolina,21022,Trump
Martin,North Carolina,23699,Trump
Mecklenburg,North Carolina,1110356,Biden
Mitchell,North Carolina,15328,Trump
Montgomery,North Carolina,27571,Trump
Moore,North Carolina,100880,Trump
Nash,North Carolina,94298,Biden
New Hanover,North Carolina,234473,Biden
Northampton,North Carolina,20839,Biden
Onslow,North Carolina,197938,Trump
Orange,North Carolina,148476,Biden
Pamlico,North Carolina,12953,Trump
Pasquotank,North Carolina,39824,Biden
Pender,North Carolina,63060,Trump
Perquimans,North Carolina,13601,Trump
Person,North Carolina,39490,Trump
Pitt,North Carolina,180742,Biden
Polk,North Carolina,20411,Trump
Randolph,North Carolina,143667,Trump
Richmond,North Carolina,44829,Trump
Robeson,North Carolina,130625,Trump
Rockingham,North Carolina,91010,Trump
Rowan,North Carolina,142088,Trump
Rutherford,North Carolina,67029,Trump
Sampson,North Carolina,63531,Trump
Scotland,North Carolina,36025,Trump
Stanly,North Carolina,62806,Trump
Stokes,North Carolina,45591,Trump
Surry,North Carolina,71783,Trump
Swain,North Carolina,14058,Trump
Transylvania,North Carolina,32903,Trump
Tyrrell,North Carolina,4109,Trump
Union,North Carolina,239859,Trump
Vance,North Carolina,44535,Biden
Wake,North Carolina,1111761,Biden
Warren,North Carolina,20575,Biden
Washington,North Carolina,12722,Biden
Watauga,North Carolina,56177,Biden
Wayne,North Carolina,123131,Trump
Wilkes,North Carolina,68412,Trump
Wilson,North Carolina,81801,Biden
Yadkin,North Carolina,37667,Trump
Yancey,North Carolina,17566,Trump
Adams,North Dakota,2360,Trump
Barnes,North Dakota,11190,Trump
Benson,North Dakota,6877,Trump
Billings,North Dakota,874,Trump
Bottineau,North Dakota,6736,Trump
Bowman,North Dakota,3214,Trump
Burke,North Dakota,2306,Trump
Burleigh,North Dakota,95626,Trump
Cass,North Dakota,181923,Trump
Cavalier,North Dakota,3896,Trump
Dickey,North Dakota,5248,Trump
Divide,North Dakota,2314,Trump
Dunn,North Dakota,4162,Trump
Eddy,North Dakota,2404,Trump
Emmons,North Dakota,3486,Trump
Foster,North Dakota,3366,Trump
Golden Valley,North Dakota,1823,Trump
Grand Forks,North Dakota,69451,Trump
Grant,North Dakota,2377,Trump
Griggs,North Dakota,2296,Trump
Hettinger,North Dakota,2660,Trump
Kidder,North Dakota,2428,Trump
LaMoure,North Dakota,4166,Trump
Logan,North Dakota,1946,Trump
McHenry,North Dakota,5922,Trump
McIntosh,North Dakota,2754,Trump
McKenzie,North Dakota,9314,Trump
McLean,North Dakota,9517,Trump
Mercer,North Dakota,8592,Trump
Morton,North Dakota,28990,Trump
Mountrail,North Dakota,9376,Trump
Nelson,North Dakota,3095,Trump
Oliver,North Dakota,1874,Trump
Pembina,North Dakota,7181,Trump
Pierce,North Dakota,4451,Trump
Ramsey,North Dakota,11554,Trump
Ransom,North Dakota,5516,Trump
Renville,North Dakota,2608,Trump
Richland,North Dakota,16339,Trump
Rolette,North Dakota,14582,Biden
Sargent,North Dakota,3890,Trump
Sheridan,North Dakota,1304,Trump
Sioux,North Dakota,4430,Biden
Slope,North Dakota,761,Trump
Stark,North Dakota,28212,Trump
Steele,North Dakota,1960,Trump
Stutsman,North Dakota,21120,Trump
Towner,North Dakota,2317,Trump
Traill,North Dakota,8245,Trump
Walsh,North Dakota,11104,Trump
Ward,North Dakota,67641,Trump
Wells,North Dakota,4206,Trump
Williams,North Dakota,29595,Trump
Northern Islands Municipality[9],Northern Mariana Islands,0,
Rota Municipality,Northern Mariana Islands,2477,
Saipan Municipality,Northern Mariana Islands,48220,
Tinian Municipality,Northern Mariana Islands,3136,
Adams,Ohio,27698,Trump
Allen,Ohio,102351,Trump
Ashland,Ohio,53484,Trump
Ashtabula,Ohio,97241,Trump
Athens,Ohio,65327,Biden
Auglaize,Ohio,45656,Trump
Belmont,Ohio,67006,Trump
Brown,Ohio,43432,Trump
Butler,Ohio,383134,Trump
Carroll,Ohio,26914,Trump
Champaign,Ohio,38885,Trump
Clark,Ohio,134585,Trump
Clermont,Ohio,206428,Trump
Clinton,Ohio,41968,Trump
Columbiana,Ohio,101883,Trump
Coshocton,Ohio,36600,Trump
Crawford,Ohio,41494,Trump
Cuyahoga,Ohio,1235072,Biden
Darke,Ohio,51113,Trump
Defiance,Ohio,38087,Trump
Delaware,Ohio,209177,Trump
Erie,Ohio,74266,Trump
Fairfield,Ohio,157574,Trump
Fayette,Ohio,28525,Trump
Franklin,Ohio,1316756,Biden
Fulton,Ohio,42126,Trump
Gallia,Ohio,29898,Trump
Geauga,Ohio,93649,Trump
Greene,Ohio,168937,Trump
Guernsey,Ohio,38875,Trump
Hamilton,Ohio,817473,Biden
Hancock,Ohio,75783,Trump
Hardin,Ohio,31365,Trump
Harrison,Ohio,15040,Trump
Henry,Ohio,27006,Trump
Highland,Ohio,43161,Trump
Hocking,Ohio,28264,Trump
Holmes,Ohio,43960,Trump
Huron,Ohio,58266,Trump
Jackson,Ohio,32413,Trump
Jefferson,Ohio,65325,Trump
Knox,Ohio,62322,Trump
Lake,Ohio,230149,Trump
Lawrence,Ohio,59463,Trump
Licking,Ohio,176862,Trump
Logan,Ohio,45672,Trump
Lorain,Ohio,309833,Trump
Lucas,Ohio,428348,Biden
Madison,Ohio,44731,Trump
Mahoning,Ohio,228683,Trump
Marion,Ohio,65093,Trump
Medina,Ohio,179746,Trump
Meigs,Ohio,22907,Trump
Mercer,Ohio,41172,Trump
Miami,Ohio,106987,Trump
Monroe,Ohio,13654,Trump
Montgomery,Ohio,531687,Biden
Morgan,Ohio,14508,Trump
Morrow,Ohio,35328,Trump
Muskingum,Ohio,86215,Trump
Noble,Ohio,14424,Trump
Ottawa,Ohio,40525,Trump
Paulding,Ohio,18672,Trump
Perry,Ohio,36134,Trump
Pickaway,Ohio,58457,Trump
Pike,Ohio,27772,Trump
Portage,Ohio,162466,Trump
Preble,Ohio,40882,Trump
Putnam,Ohio,33861,Trump
Richland,Ohio,121154,Trump
Ross,Ohio,76666,Trump
Sandusky,Ohio,58518,Trump
Scioto,Ohio,75314,Trump
Seneca,Ohio,55178,Trump
Shelby,Ohio,48590,Trump
Stark,Ohio,370606,Trump
Summit,Ohio,541013,Biden
Trumbull,Ohio,197974,Trump
Tuscarawas,Ohio,91987,Trump
Union,Ohio,58988,Trump
Van Wert,Ohio,28275,Trump
Vinton,Ohio,13085,Trump
Warren,Ohio,234602,Trump
Washington,Ohio,59911,Trump
Wayne,Ohio,115710,Trump
Williams,Ohio,36692,Trump
Wood,Ohio,130817,Trump
Wyandot,Ohio,21772,Trump
Adair,Oklahoma,22194,Trump
Alfalfa,Oklahoma,5847,Trump
Atoka,Oklahoma,13898,Trump
Beaver,Oklahoma,5566,Trump
Beckham,Oklahoma,23637,Trump
Blaine,Oklahoma,9720,Trump
Bryan,Oklahoma,47995,Trump
Caddo,Oklahoma,29594,Trump
Canadian,Oklahoma,148306,Trump
Carter,Oklahoma,48111,Trump
Cherokee,Oklahoma,48657,Trump
Choctaw,Oklahoma,15045,Trump
Cimarron,Oklahoma,2335,Trump
Cleveland,Oklahoma,284014,Trump
Coal,Oklahoma,5867,Trump
Comanche,Oklahoma,120749,Trump
Cotton,Oklahoma,6152,Trump
Craig,Oklahoma,14672,Trump
Creek,Oklahoma,71522,Trump
Custer,Oklahoma,29377,Trump
Delaware,Oklahoma,43009,Trump
Dewey,Oklahoma,4844,Trump
Ellis,Oklahoma,4170,Trump
Garfield,Oklahoma,61056,Trump
Garvin,Oklahoma,27334,Trump
Grady,Oklahoma,55834,Trump
Grant,Oklahoma,4528,Trump
Greer,Oklahoma,6171,Trump
Harmon,Oklahoma,2869,Trump
Harper,Oklahoma,3813,Trump
Haskell,Oklahoma,13052,Trump
Hughes,Oklahoma,13823,Trump
Jackson,Oklahoma,26088,Trump
Jefferson,Oklahoma,6432,Trump
Johnston,Oklahoma,10990,Trump
Kay,Oklahoma,43538,Trump
Kingfisher,Oklahoma,15276,Trump
Kiowa,Oklahoma,9341,Trump
Latimer,Oklahoma,10775,Trump
Le Flore,Oklahoma,49853,Trump
Lincoln,Oklahoma,34351,Trump
Logan,Oklahoma,48011,Trump
Love,Oklahoma,9742,Trump
McClain,Oklahoma,36511,Trump
McCurtain,Oklahoma,33065,Trump
McIntosh,Oklahoma,20493,Trump
Major,Oklahoma,7683,Trump
Marshall,Oklahoma,15988,Trump
Mayes,Oklahoma,41100,Trump
Murray,Oklahoma,13712,Trump
Muskogee,Oklahoma,67997,Trump
Noble,Oklahoma,11446,Trump
Nowata,Oklahoma,10555,Trump
Okfuskee,Oklahoma,12377,Trump
Oklahoma,Oklahoma,797434,Trump
Okmulgee,Oklahoma,38465,Trump
Osage,Oklahoma,46963,Trump
Ottawa,Oklahoma,32245,Trump
Pawnee,Oklahoma,16513,Trump
Payne,Oklahoma,81784,Trump
Pittsburg,Oklahoma,43654,Trump
Pontotoc,Oklahoma,38284,Trump
Pottawatomie,Oklahoma,72592,Trump
Pushmataha,Oklahoma,11233,Trump
Roger Mills,Oklahoma,3743,Trump
Rogers,Oklahoma,92459,Trump
Seminole,Oklahoma,25426,Trump
Sequoyah,Oklahoma,41569,Trump
Stephens,Oklahoma,43143,Trump
Texas,Oklahoma,22081,Trump
Tillman,Oklahoma,7711,Trump
Tulsa,Oklahoma,651552,Trump
Wagoner,Oklahoma,81289,Trump
Washington,Oklahoma,51527,Trump
Washita,Oklahoma,11678,Trump
Woods,Oklahoma,9041,Trump
Woodward,Oklahoma,21221,Trump
Baker,Oregon,16018,Trump
Benton,Oregon,93053,Biden
Clackamas,Oregon,418187,Biden
Clatsop,Oregon,37244,Biden
Columbia,Oregon,52354,Trump
Coos,Oregon,64487,Trump
Crook,Oregon,20815,Trump
Curry,Oregon,22339,Trump
Deschutes,Oregon,197692,Biden
Douglas,Oregon,110980,Trump
Gilliam,Oregon,1947,Trump
Grant,Oregon,7283,Trump
Harney,Oregon,7146,Trump
Hood River,Oregon,22675,Biden
Jackson,Oregon,220944,Trump
Jefferson,Oregon,21145,Trump
Josephine,Oregon,87487,Trump
Klamath,Oregon,68238,Trump
Lake,Oregon,7820,Trump
Lane,Oregon,382067,Biden
Lincoln,Oregon,49962,Biden
Linn,Oregon,129749,Trump
Malheur,Oregon,30479,Trump
Marion,Oregon,347818,Biden
Morrow,Oregon,11336,Trump
Multnomah,Oregon,812855,Biden
Polk,Oregon,86085,Trump
Sherman,Oregon,1731,Trump
Tillamook,Oregon,25317,Trump
Umatilla,Oregon,77950,Trump
Union,Oregon,25652,Trump
Wallowa,Oregon,6814,Trump
Wasco,Oregon,25477,Trump
Washington,Oregon,601592,Biden
Wheeler,Oregon,1381,Trump
Yamhill,Oregon,107100,Trump
Adams,Pennsylvania,103009,Trump
Allegheny,Pennsylvania,1216045,Biden
Armstrong,Pennsylvania,64735,Trump
Beaver,Pennsylvania,163929,Trump
Bedford,Pennsylvania,47888,Trump
Berks,Pennsylvania,421164,Trump
Blair,Pennsylvania,121829,Trump
Bradford,Pennsylvania,60323,Trump
Bucks,Pennsylvania,628270,Biden
Butler,Pennsylvania,187853,Trump
Cambria,Pennsylvania,130192,Trump
Cameron,Pennsylvania,4886,Trump
Carbon,Pennsylvania,64182,Trump
Centre,Pennsylvania,162385,Biden
Chester,Pennsylvania,524989,Biden
Clarion,Pennsylvania,38438,Trump
Clearfield,Pennsylvania,79255,Trump
Clinton,Pennsylvania,38632,Trump
Columbia,Pennsylvania,64964,Trump
Crawford,Pennsylvania,84629,Trump
Cumberland,Pennsylvania,253370,Trump
Dauphin,Pennsylvania,278299,Biden
Delaware,Pennsylvania,566747,Biden
Elk,Pennsylvania,31479,Trump
Erie,Pennsylvania,269728,Biden
Fayette,Pennsylvania,129274,Trump
Forest,Pennsylvania,7631,Trump
Franklin,Pennsylvania,155027,Trump
Fulton,Pennsylvania,14670,Trump
Greene,Pennsylvania,36233,Trump
Huntingdon,Pennsylvania,45144,Trump
Indiana,Pennsylvania,84073,Trump
Jefferson,Pennsylvania,43425,Trump
Juniata,Pennsylvania,24768,Trump
Lackawanna,Pennsylvania,209674,Biden
Lancaster,Pennsylvania,545724,Trump
Lawrence,Pennsylvania,85512,Trump
Lebanon,Pennsylvania,141793,Trump
Lehigh,Pennsylvania,369318,Biden
Luzerne,Pennsylvania,317417,Trump
Lycoming,Pennsylvania,113299,Trump
McKean,Pennsylvania,40625,Trump
Mercer,Pennsylvania,109424,Trump
Mifflin,Pennsylvania,46138,Trump
Monroe,Pennsylvania,170271,Biden
Montgomery,Pennsylvania,830915,Biden
Montour,Pennsylvania,18541,Trump
Northampton,Pennsylvania,305285,Biden
Northumberland,Pennsylvania,90843,Trump
Perry,Pennsylvania,46272,Trump
Philadelphia[w],Pennsylvania,1584064,Biden
Pike,Pennsylvania,55809,Trump
Potter,Pennsylvania,17497,Trump
Schuylkill,Pennsylvania,141359,Trump
Snyder,Pennsylvania,40372,Trump
Somerset,Pennsylvania,73447,Trump
Sullivan,Pennsylvania,6351,Trump
Susquehanna,Pennsylvania,40328,Trump
Tioga,Pennsylvania,40591,Trump
Union,Pennsylvania,44923,Trump
Venango,Pennsylvania,50668,Trump
Warren,Pennsylvania,39191,Trump
Washington,Pennsylvania,206865,Trump
Wayne,Pennsylvania,51361,Trump
Westmoreland,Pennsylvania,348899,Trump
Wyoming,Pennsylvania,28003,Trump
York,Pennsylvania,449058,Trump
Adjuntas Municipality,Puerto Rico,19483,
Aguada Municipality,Puerto Rico,41959,
Aguadilla Municipality,Puerto Rico,54582,
Aguas Buenas Municipality,Puerto Rico,28659,
Aibonito Municipality,Puerto Rico,25900,
Añasco Municipality,Puerto Rico,29261,
Arecibo Municipality,Puerto Rico,96440,
Arroyo Municipality,Puerto Rico,19575,
Barceloneta Municipality,Puerto Rico,24816,
Barranquitas Municipality,Puerto Rico,30318,
Bayamón Municipality,Puerto Rico,208116,
Cabo Rojo Municipality,Puerto Rico,50917,
Caguas Municipality,Puerto Rico,142893,
Camuy Municipality,Puerto Rico,35159,
Canóvanas Municipality,Puerto Rico,47648,
Carolina Municipality,Puerto Rico,176762,
Cataño Municipality,Puerto Rico,28140,
Cayey Municipality,Puerto Rico,48119,
Ceiba Municipality,Puerto Rico,13631,
Ciales Municipality,Puerto Rico,18782,
Cidra Municipality,Puerto Rico,43480,
Coamo Municipality,Puerto Rico,40512,
Comerío Municipality,Puerto Rico,20778,
Corozal Municipality,Puerto Rico,37142,
Culebra Municipality,Puerto Rico,1818,
Dorado Municipality,Puerto Rico,38165,
Fajardo Municipality,Puerto Rico,36993,
Florida Municipality,Puerto Rico,12680,
Guánica Municipality,Puerto Rico,19427,
Guayama Municipality,Puerto Rico,45362,
Guayanilla Municipality,Puerto Rico,21581,
Guaynabo Municipality,Puerto Rico,97924,
Gurabo Municipality,Puerto Rico,45369,
Hatillo Municipality,Puerto Rico,41953,
Hormigueros Municipality,Puerto Rico,17250,
Humacao Municipality,Puerto Rico,58466,
Isabela Municipality,Puerto Rico,45631,
Jayuya Municipality,Puerto Rico,16642,
Juana Díaz Municipality,Puerto Rico,79897,
Juncos Municipality,Puerto Rico,40290,
Lajas Municipality,Puerto Rico,25753,
Lares Municipality,Puerto Rico,30753,
Las Marías Municipality,Puerto Rico,9881,
Las Piedras Municipality,Puerto Rico,38675,
Loíza Municipality,Puerto Rico,30060,
Luquillo Municipality,Puerto Rico,20068,
Manatí Municipality,Puerto Rico,44113,
Maricao Municipality,Puerto Rico,6276,
Maunabo Municipality,Puerto Rico,12225,
Mayagüez Municipality,Puerto Rico,89080,
Moca Municipality,Puerto Rico,40109,
Morovis Municipality,Puerto Rico,32610,
Naguabo Municipality,Puerto Rico,26720,
Naranjito Municipality,Puerto Rico,30402,
Orocovis Municipality,Puerto Rico,23423,
Patillas Municipality,Puerto Rico,19277,
Peñuelas Municipality,Puerto Rico,24282,
Ponce Municipality,Puerto Rico,166327,
Quebradillas Municipality,Puerto Rico,25919,
Rincón Municipality,Puerto Rico,15200,
Río Grande Municipality,Puerto Rico,54304,
Sabana Grande Municipality,Puerto Rico,25265,
Salinas Municipality,Puerto Rico,31078,
San Germán Municipality,Puerto Rico,35527,
San Juan Municipality,Puerto Rico,395326,
San Lorenzo Municipality,Puerto Rico,41058,
San Sebastián Municipality,Puerto Rico,42430,
Santa Isabel Municipality,Puerto Rico,23274,
Toa Alta Municipality,Puerto Rico,74066,
Toa Baja Municipality,Puerto Rico,89609,
Trujillo Alto Municipality,Puerto Rico,74842,
Utuado Municipality,Puerto Rico,33149,
Vega Alta Municipality,Puerto Rico,39951,
Vega Baja Municipality,Puerto Rico,59662,
Vieques Municipality,Puerto Rico,9301,
Villalba Municipality,Puerto Rico,26073,
Yabucoa Municipality,Puerto Rico,37941,
Yauco Municipality,Puerto Rico,42043,
Bristol,Rhode Island,48479,Biden
Kent,Rhode Island,164292,Biden
Newport,Rhode Island,82082,Biden
Providence,Rhode Island,638931,Biden
Washington,Rhode Island,125577,Biden
Abbeville,South Carolina,25007,Trump
Aiken,South Carolina,170872,Trump
Allendale,South Carolina,9839,Biden
Anderson,South Carolina,202558,Trump
Bamberg,South Carolina,15430,Biden
Barnwell,South Carolina,22119,Trump
Beaufort,South Carolina,192122,Trump
Berkeley,South Carolina,227907,Trump
Calhoun,South Carolina,15055,Trump
Charleston,South Carolina,411406,Biden
Cherokee,South Carolina,57300,Trump
Chester,South Carolina,32578,Trump
Chesterfield,South Carolina,45650,Trump
Clarendon,South Carolina,34355,Trump
Colleton,South Carolina,37677,Trump
Darlington,South Carolina,66618,Trump
Dillon,South Carolina,31229,Trump
Dorchester,South Carolina,162809,Trump
Edgefield,South Carolina,26436,Trump
Fairfield,South Carolina,23109,Biden
Florence,South Carolina,138293,Trump
Georgetown,South Carolina,62680,Trump
Greenville,South Carolina,523542,Trump
Greenwood,South Carolina,70811,Trump
Hampton,South Carolina,20408,Biden
Horry,South Carolina,354081,Trump
Jasper,South Carolina,26629,Biden
Kershaw,South Carolina,66551,Trump
Lancaster,South Carolina,98012,Trump
Laurens,South Carolina,67493,Trump
Lee,South Carolina,18347,Biden
Lexington,South Carolina,298750,Trump
McCormick,South Carolina,9947,Trump
Marion,South Carolina,32072,Biden
Marlboro,South Carolina,28003,Biden
Newberry,South Carolina,38440,Trump
Oconee,South Carolina,79546,Trump
Orangeburg,South Carolina,86175,Biden
Pickens,South Carolina,126884,Trump
Richland,South Carolina,415759,Biden
Saluda,South Carolina,20091,Trump
Spartanburg,South Carolina,319785,Trump
Sumter,South Carolina,106721,Biden
Union,South Carolina,28030,Trump
Williamsburg,South Carolina,33067,Biden
York,South Carolina,280979,Trump
Aurora,South Dakota,2720,Trump
Beadle,South Dakota,18080,Trump
Bennett,South Dakota,3452,Trump
Bon Homme,South Dakota,7046,Trump
Brookings,South Dakota,32968,Trump
Brown,South Dakota,38839,Trump
Brule,South Dakota,5366,Trump
Buffalo,South Dakota,2024,Biden
Butte,South Dakota,10330,Trump
Campbell,South Dakota,1334,Trump
Charles Mix,South Dakota,9241,Trump
Clark,South Dakota,3610,Trump
Clay,South Dakota,13935,Biden
Codington,South Dakota,27853,Trump
Corson,South Dakota,4215,Trump
Custer,South Dakota,8468,Trump
Davison,South Dakota,19823,Trump
Day,South Dakota,5596,Trump
Deuel,South Dakota,4320,Trump
Dewey,South Dakota,5586,Biden
Douglas,South Dakota,3023,Trump
Edmunds,South Dakota,4041,Trump
Fall River,South Dakota,6839,Trump
Faulk,South Dakota,2386,Trump
Grant,South Dakota,7281,Trump
Gregory,South Dakota,4242,Trump
Haakon,South Dakota,1894,Trump
Hamlin,South Dakota,5961,Trump
Hand,South Dakota,3391,Trump
Hanson,South Dakota,3405,Trump
Harding,South Dakota,1262,Trump
Hughes,South Dakota,17508,Trump
Hutchinson,South Dakota,7145,Trump
Hyde,South Dakota,1391,Trump
Jackson,South Dakota,3216,Trump
Jerauld,South Dakota,2066,Trump
Jones,South Dakota,1001,Trump
Kingsbury,South Dakota,5065,Trump
Lake,South Dakota,12055,Trump
Lawrence,South Dakota,24910,Trump
Lincoln,South Dakota,61128,Trump
Lyman,South Dakota,3892,Trump
McCook,South Dakota,5654,Trump
McPherson,South Dakota,2457,Trump
Marshall,South Dakota,4763,Trump
Meade,South Dakota,27202,Trump
Mellette,South Dakota,2081,Trump
Miner,South Dakota,2333,Trump
Minnehaha,South Dakota,193134,Trump
Moody,South Dakota,6404,Trump
Oglala Lakota,South Dakota,14118,Biden
Pennington,South Dakota,113775,Trump
Perkins,South Dakota,3037,Trump
Potter,South Dakota,2394,Trump
Roberts,South Dakota,10251,Trump
Sanborn,South Dakota,2324,Trump
Spink,South Dakota,6610,Trump
Stanley,South Dakota,2981,Trump
Sully,South Dakota,1437,Trump
Todd,South Dakota,9982,Biden
Tripp,South Dakota,5498,Trump
Turner,South Dakota,8361,Trump
Union,South Dakota,14829,Trump
Walworth,South Dakota,5524,Trump
Yankton,South Dakota,22696,Trump
Ziebach,South Dakota,2834,Biden
Anderson,Tennessee,76978,Trump
Bedford,Tennessee,49713,Trump
Benton,Tennessee,16290,Trump
Bledsoe,Tennessee,12841,Trump
Blount,Tennessee,133088,Trump
Bradley,Tennessee,108110,Trump
Campbell,Tennessee,39842,Trump
Cannon,Tennessee,13775,Trump
Carroll,Tennessee,28513,Trump
Carter,Tennessee,56391,Trump
Cheatham,Tennessee,40667,Trump
Chester,Tennessee,17321,Trump
Claiborne,Tennessee,31560,Trump
Clay,Tennessee,7774,Trump
Cocke,Tennessee,35479,Trump
Coffee,Tennessee,56520,Trump
Crockett,Tennessee,14591,Trump
Cumberland,Tennessee,60520,Trump
Davidson,Tennessee,694144,Biden
Decatur,Tennessee,11661,Trump
DeKalb,Tennessee,19164,Trump
Dickson,Tennessee,53948,Trump
Dyer,Tennessee,37159,Trump
Fayette,Tennessee,41133,Trump
Fentress,Tennessee,17909,Trump
Franklin,Tennessee,42208,Trump
Gibson,Tennessee,49133,Trump
Giles,Tennessee,28746,Trump
Grainger,Tennessee,22702,Trump
Greene,Tennessee,69069,Trump
Grundy,Tennessee,13498,Trump
Hamblen,Tennessee,64934,Trump
Hamilton,Tennessee,367804,Trump
Hancock,Tennessee,6679,Trump
Hardeman,Tennessee,26306,Trump
Hardin,Tennessee,26034,Trump
Hawkins,Tennessee,56786,Trump
Haywood,Tennessee,18224,Biden
Henderson,Tennessee,28048,Trump
Henry,Tennessee,32210,Trump
Hickman,Tennessee,24267,Trump
Houston,Tennessee,8292,Trump
Humphreys,Tennessee,18243,Trump
Jackson,Tennessee,11517,Trump
Jefferson,Tennessee,54495,Trump
Johnson,Tennessee,17977,Trump
Knox,Tennessee,470313,Trump
Lake,Tennessee,7731,Trump
Lauderdale,Tennessee,27795,Trump
Lawrence,Tennessee,44142,Trump
Lewis,Tennessee,11961,Trump
Lincoln,Tennessee,33633,Trump
Loudon,Tennessee,54068,Trump
McMinn,Tennessee,53794,Trump
McNairy,Tennessee,26140,Trump
Macon,Tennessee,22701,Trump
Madison,Tennessee,97984,Trump
Marion,Tennessee,28374,Trump
Marshall,Tennessee,31130,Trump
Maury,Tennessee,96387,Trump
Meigs,Tennessee,11649,Trump
Monroe,Tennessee,46545,Trump
Montgomery,Tennessee,208993,Trump
Moore,Tennessee,6301,Trump
Morgan,Tennessee,21915,Trump
Obion,Tennessee,31131,Trump
Overton,Tennessee,22075,Trump
Perry,Tennessee,7869,Trump
Pickett,Tennessee,5090,Trump
Polk,Tennessee,16690,Trump
Putnam,Tennessee,80245,Trump
Rhea,Tennessee,32513,Trump
Roane,Tennessee,53382,Trump
Robertson,Tennessee,71813,Trump
Rutherford,Tennessee,332285,Trump
Scott,Tennessee,22015,Trump
Sequatchie,Tennessee,14681,Trump
Sevier,Tennessee,98250,Trump
Shelby,Tennessee,937166,Biden
Smith,Tennessee,19074,Trump
Stewart,Tennessee,13362,Trump
Sullivan,Tennessee,158348,Trump
Sumner,Tennessee,191283,Trump
Tipton,Tennessee,61599,Trump
Trousdale,Tennessee,7828,Trump
Unicoi,Tennessee,18082,Trump
Union,Tennessee,19102,Trump
Van Buren,Tennessee,5583,Trump
Warren,Tennessee,41277,Trump
Washington,Tennessee,129375,Trump
Wayne,Tennessee,16939,Trump
Weakley,Tennessee,34450,Trump
White,Tennessee,26244,Trump
Williamson,Tennessee,238412,Trump
Wilson,Tennessee,144657,Trump
Anderson,Texas,57735,Trump
Andrews,Texas,16799,Trump
Angelina,Texas,86715,Trump
Aransas,Texas,24356,Trump
Archer,Texas,8681,Trump
Armstrong,Texas,1949,Trump
Atascosa,Texas,51153,Trump
Austin,Texas,28847,Trump
Bailey,Texas,7114,Trump
Bandera,Texas,20601,Trump
Bastrop,Texas,88723,Trump
Baylor,Texas,3614,Trump
Bee,Texas,32799,Trump
Bell,Texas,362924,Trump
Bexar,Texas,2003554,Biden
Blanco,Texas,10723,Trump
Borden,Texas,637,Trump
Bosque,Texas,17855,Trump
Bowie,Texas,93245,Trump
Brazoria,Texas,374264,Trump
Brazos,Texas,229211,Trump
Brewster,Texas,9286,Trump
Briscoe,Texas,1537,Trump
Brooks,Texas,7237,Biden
Brown,Texas,37864,Trump
Burleson,Texas,17169,Trump
Burnet,Texas,48155,Trump
Caldwell,Texas,43664,Trump
Calhoun,Texas,21806,Trump
Callahan,Texas,13525,Trump
Cameron,Texas,423163,Biden
Camp,Texas,12413,Trump
Carson,Texas,6010,Trump
Cass,Texas,30331,Trump
Castro,Texas,8030,Trump
Chambers,Texas,36812,Trump
Cherokee,Texas,52646,Trump
Childress,Texas,7095,Trump
Clay,Texas,10473,Trump
Cochran,Texas,3016,Trump
Coke,Texas,3210,Trump
Coleman,Texas,8543,Trump
Collin,Texas,1034730,Trump
Collingsworth,Texas,3099,Trump
Colorado,Texas,20752,Trump
Comal,Texas,156209,Trump
Comanche,Texas,13623,Trump
Concho,Texas,4043,Trump
Cooke,Texas,41257,Trump
Coryell,Texas,75951,Trump
Cottle,Texas,1452,Trump
Crane,Texas,4773,Trump
Crockett,Texas,3807,Trump
Crosby,Texas,5991,Trump
Culberson,Texas,2277,Biden
Dallam,Texas,7057,Trump
Dallas,Texas,2635516,Biden
Dawson,Texas,13810,Trump
Deaf Smith,Texas,19177,Trump
Delta,Texas,5238,Trump
Denton,Texas,887207,Trump
DeWitt,Texas,20503,Trump
Dickens,Texas,2291,Trump
Dimmit,Texas,10897,Biden
Donley,Texas,3522,Trump
Duval,Texas,11640,Biden
Eastland,Texas,18245,Trump
Ector,Texas,166223,Trump
Edwards,Texas,1884,Trump
Ellis,Texas,184826,Trump
El Paso,Texas,839238,Biden
Erath,Texas,42698,Trump
Falls,Texas,17493,Trump
Fannin,Texas,33659,Trump
Fayette,Texas,24821,Trump
Fisher,Texas,3856,Trump
Floyd,Texas,6230,Trump
Foard,Texas,1277,Trump
Fort Bend,Texas,811688,Biden
Franklin,Texas,10660,Trump
Freestone,Texas,19646,Trump
Frio,Texas,18065,Trump
Gaines,Texas,18921,Trump
Galveston,Texas,342139,Trump
Garza,Texas,6317,Trump
Gillespie,Texas,25357,Trump
Glasscock,Texas,1251,Trump
Goliad,Texas,7465,Trump
Gonzales,Texas,20312,Trump
Gray,Texas,23043,Trump
Grayson,Texas,136212,Trump
Gregg,Texas,123945,Trump
Grimes,Texas,26859,Trump
Guadalupe,Texas,166847,Trump
Hale,Texas,35764,Trump
Hall,Texas,3239,Trump
Hamilton,Texas,8310,Trump
Hansford,Texas,5555,Trump
Hardeman,Texas,4016,Trump
Hardin,Texas,57602,Trump
Harris,Texas,4713325,Biden
Harrison,Texas,66553,Trump
Hartley,Texas,6100,Trump
Haskell,Texas,5875,Trump
Hays,Texas,230191,Biden
Hemphill,Texas,4158,Trump
Henderson,Texas,82737,Trump
Hidalgo,Texas,868707,Biden
Hill,Texas,34823,Trump
Hockley,Texas,23530,Trump
Hood,Texas,61643,Trump
Hopkins,Texas,35565,Trump
Houston,Texas,22911,Trump
Howard,Texas,36147,Trump
Hudspeth,Texas,3318,Trump
Hunt,Texas,98594,Trump
Hutchinson,Texas,21819,Trump
Irion,Texas,1612,Trump
Jack,Texas,8957,Trump
Jackson,Texas,14591,Trump
Jasper,Texas,35649,Trump
Jeff Davis,Texas,2253,Trump
Jefferson,Texas,251565,Trump
Jim Hogg,Texas,5245,Biden
Jim Wells,Texas,40482,Trump
Johnson,Texas,175817,Trump
Jones,Texas,19859,Trump
Karnes,Texas,15081,Trump
Kaufman,Texas,136154,Trump
Kendall,Texas,47431,Trump
Kenedy,Texas,412,Trump
Kent,Texas,807,Trump
Kerr,Texas,52600,Trump
Kimble,Texas,4481,Trump
King,Texas,285,Trump
Kinney,Texas,3586,Trump
Kleberg,Texas,32101,Trump
Knox,Texas,3767,Trump
Lamar,Texas,49859,Trump
Lamb,Texas,13775,Trump
Lampasas,Texas,20222,Trump
La Salle,Texas,7369,Trump
Lavaca,Texas,19581,Trump
Lee,Texas,16628,Trump
Leon,Texas,16742,Trump
Liberty,Texas,88219,Trump
Limestone,Texas,23326,Trump
Lipscomb,Texas,3485,Trump
Live Oak,Texas,11867,Trump
Llano,Texas,19444,Trump
Loving,Texas,169,Trump
Lubbock,Texas,310569,Trump
Lynn,Texas,5723,Trump
McCulloch,Texas,8330,Trump
McLennan,Texas,256623,Trump
McMullen,Texas,764,Trump
Madison,Texas,13781,Trump
Marion,Texas,10235,Trump
Martin,Texas,5312,Trump
Mason,Texas,4128,Trump
Matagorda,Texas,36592,Trump
Maverick,Texas,58722,Biden
Medina,Texas,51584,Trump
Menard,Texas,2148,Trump
Midland,Texas,176832,Trump
Milam,Texas,24167,Trump
Mills,Texas,4907,Trump
Mitchell,Texas,9402,Trump
Montague,Texas,19503,Trump
Montgomery,Texas,607391,Trump
Moore,Texas,22141,Trump
Morris,Texas,12834,Trump
Motley,Texas,1196,Trump
Nacogdoches,Texas,65204,Trump
Navarro,Texas,50113,Trump
Newton,Texas,14140,Trump
Nolan,Texas,15037,Trump
Nueces,Texas,362294,Trump
Ochiltree,Texas,10806,Trump
Oldham,Texas,2102,Trump
Orange,Texas,83396,Trump
Palo Pinto,Texas,27889,Trump
Panola,Texas,23870,Trump
Parker,Texas,142878,Trump
Parmer,Texas,9965,Trump
Pecos,Texas,15697,Trump
Polk,Texas,51353,Trump
Potter,Texas,117415,Trump
Presidio,Texas,7201,Biden
Rains,Texas,11065,Trump
Randall,Texas,137713,Trump
Reagan,Texas,3601,Trump
Real,Texas,3350,Trump
Red River,Texas,12470,Trump
Reeves,Texas,13965,Trump
Refugio,Texas,7305,Trump
Roberts,Texas,831,Trump
Robertson,Texas,16486,Trump
Rockwall,Texas,104915,Trump
Runnels,Texas,10309,Trump
Rusk,Texas,54406,Trump
Sabine,Texas,10361,Trump
San Augustine,Texas,8769,Trump
San Jacinto,Texas,26856,Trump
San Patricio,Texas,66730,Trump
San Saba,Texas,6012,Trump
Schleicher,Texas,3206,Trump
Scurry,Texas,17302,Trump
Shackelford,Texas,3375,Trump
Shelby,Texas,25792,Trump
Sherman,Texas,3093,Trump
Smith,Texas,232751,Trump
Somervell,Texas,8658,Trump
Starr,Texas,64633,Biden
Stephens,Texas,9247,Trump
Sterling,Texas,1219,Trump
Stonewall,Texas,1432,Trump
Sutton,Texas,4006,Trump
Swisher,Texas,7763,Trump
Tarrant,Texas,2102515,Biden
Taylor,Texas,138034,Trump
Terrell,Texas,903,Trump
Terry,Texas,12743,Trump
Throckmorton,Texas,1600,Trump
Titus,Texas,32581,Trump
Tom Green,Texas,119200,Trump
Travis,Texas,1273954,Biden
Trinity,Texas,14393,Trump
Tyler,Texas,21464,Trump
Upshur,Texas,41753,Trump
Upton,Texas,3372,Trump
Uvalde,Texas,26926,Trump
Val Verde,Texas,49025,Trump
Van Zandt,Texas,56590,Trump
Victoria,Texas,92084,Trump
Walker,Texas,72971,Trump
Waller,Texas,55246,Trump
Ward,Texas,11244,Trump
Washington,Texas,34147,Trump
Webb,Texas,276652,Biden
Wharton,Texas,41556,Trump
Wheeler,Texas,5751,Trump
Wichita,Texas,132230,Trump
Wilbarger,Texas,13131,Trump
Willacy,Texas,21921,Biden
Williamson,Texas,590551,Biden
Wilson,Texas,51070,Trump
Winkler,Texas,7606,Trump
Wise,Texas,69984,Trump
Wood,Texas,45539,Trump
Yoakum,Texas,8184,Trump
Young,Texas,18341,Trump
Zapata,Texas,14390,Trump
Zavala,Texas,12156,Biden
Bajo Nuevo Bank[x][y],  U.S. Minor Outlying Islands,0,
Baker Island[8][x],  U.S. Minor Outlying Islands,0,
Howland Island[x],  U.S. Minor Outlying Islands,0,
Jarvis Island[x],  U.S. Minor Outlying Islands,0,
Johnston Atoll[x],  U.S. Minor Outlying Islands,0,
Kingman Reef[x],  U.S. Minor Outlying Islands,0,
Midway Islands[x],  U.S. Minor Outlying Islands,40,
Navassa Island[x],  U.S. Minor Outlying Islands,0,
Palmyra Atoll[x],  U.S. Minor Outlying Islands,20,
Serranilla Bank[x][y],  U.S. Minor Outlying Islands,0,
Wake Island[x],  U.S. Minor Outlying Islands,100,
Beaver,Utah,6459,Trump
Box Elder,Utah,56046,Trump
Cache,Utah,128289,Trump
Carbon,Utah,20988,Trump
Daggett,Utah,1127,Trump
Davis,Utah,355481,Trump
Duchesne,Utah,20308,Trump
Emery,Utah,10749,Trump
Garfield,Utah,5083,Trump
Grand,Utah,9360,Biden
Iron,Utah,54839,Trump
Juab,Utah,10348,Trump
Kane,Utah,7260,Trump
Millard,Utah,12662,Trump
Morgan,Utah,10173,Trump
Piute,Utah,1510,Trump
Rich,Utah,2288,Trump
Salt Lake,Utah,1160437,Biden
San Juan,Utah,14973,Trump
Sanpete,Utah,28237,Trump
Sevier,Utah,20852,Trump
Summit,Utah,42145,Biden
Tooele,Utah,72259,Trump
Uintah,Utah,35555,Trump
Utah,Utah,636235,Trump
Wasatch,Utah,26437,Trump
Washington,Utah,177556,Trump
Wayne,Utah,2747,Trump
Weber,Utah,260213,Trump
Addison,Vermont,36791,Biden
Bennington,Vermont,36659,Biden
Caledonia,Vermont,31157,Biden
Chittenden,Vermont,163774,Biden
Essex,Vermont,6211,Trump
Franklin,Vermont,49402,Biden
Grand Isle,Vermont,6987,Biden
Lamoille,Vermont,25067,Biden
Orange,Vermont,28915,Biden
Orleans,Vermont,27169,Biden
Rutland,Vermont,58191,Biden
Washington,Vermont,58409,Biden
Windham,Vermont,42222,Biden
Windsor,Vermont,55062,Biden
Saint Croix Island[9],  Virgin Islands (U.S.),50601,
Saint John Island,  Virgin Islands (U.S.),4170,
Saint Thomas Island,  Virgin Islands (U.S.),51634,
Accomack,Virginia,33148,Trump
Albemarle,Virginia,109330,Biden
Alleghany,Virginia,16161,Trump
Amelia,Virginia,12745,Trump
Amherst,Virginia,32178,Trump
Appomattox,Virginia,15255,Trump
Arlington,Virginia,236842,Biden
Augusta,Virginia,75558,Trump
Bath,Virginia,4616,Trump
Bedford[z],Virginia,78997,Trump
Bland,Virginia,6735,Trump
Botetourt,Virginia,33002,Trump
Brunswick,Virginia,16973,Biden
Buchanan,Virginia,23597,Trump
Buckingham,Virginia,17136,Trump
Campbell,Virginia,54885,Trump
Caroline,Virginia,29298,Trump
Carroll,Virginia,29883,Trump
Charles City,Virginia,7130,Biden
Charlotte,Virginia,12305,Trump
Chesterfield,Virginia,352802,Biden
Clarke,Virginia,14348,Trump
Craig,Virginia,5210,Trump
Culpeper,Virginia,52605,Trump
Cumberland,Virginia,9841,Trump
Dickenson,Virginia,15486,Trump
Dinwiddie,Virginia,27904,Trump
Essex,Virginia,11229,Trump
Fairfax,Virginia,1147532,Biden
Fauquier,Virginia,71222,Trump
Floyd,Virginia,15528,Trump
Fluvanna,Virginia,25977,Trump
Franklin,Virginia,56042,Trump
Frederick,Virginia,89313,Trump
Giles,Virginia,16925,Trump
Gloucester,Virginia,36834,Trump
Goochland,Virginia,21626,Trump
Grayson,Virginia,15161,Trump
Greene,Virginia,18804,Trump
Greensville,Virginia,11886,Biden
Halifax,Virginia,35401,Trump
Hanover,Virginia,107766,Trump
Henrico,Virginia,330818,Biden
Henry,Virginia,50557,Trump
Highland,Virginia,2215,Trump
Isle of Wight,Virginia,35656,Trump
James City,Virginia,76523,Biden
King and Queen,Virginia,7130,Trump
King George,Virginia,24926,Trump
King William,Virginia,16097,Trump
Lancaster,Virginia,11148,Trump
Lee,Virginia,25185,Trump
Loudoun,Virginia,413538,Biden
Louisa,Virginia,33945,Trump
Lunenburg,Virginia,12527,Trump
Madison,Virginia,13200,Trump
Mathews,Virginia,8897,Trump
Mecklenburg,Virginia,31426,Trump
Middlesex,Virginia,10762,Trump
Montgomery,Virginia,98535,Biden
Nelson,Virginia,14789,Trump
New Kent,Virginia,19507,Trump
Northampton,Virginia,12125,Biden
Northumberland,Virginia,12200,Trump
Nottoway,Virginia,15773,Trump
Orange,Virginia,34689,Trump
Page,Virginia,23821,Trump
Patrick,Virginia,18368,Trump
Pittsylvania,Virginia,60354,Trump
Powhatan,Virginia,28259,Trump
Prince Edward,Virginia,22802,Biden
Prince George,Virginia,37253,Trump
Prince William,Virginia,470335,Biden
Pulaski,Virginia,34507,Trump
Rappahannock,Virginia,7478,Trump
Richmond,Virginia,8953,Trump
Roanoke,Virginia,94186,Trump
Rockbridge,Virginia,22307,Trump
Rockingham,Virginia,81948,Trump
Russell,Virginia,28264,Trump
Scott,Virginia,22640,Trump
Shenandoah,Virginia,43616,Trump
Smyth,Virginia,31652,Trump
Southampton,Virginia,18128,Trump
Spotsylvania,Virginia,136215,Trump
Stafford,Virginia,152882,Biden
Surry,Virginia,6765,Biden
Sussex,Virginia,11810,Biden
Tazewell,Virginia,40595,Trump
Warren,Virginia,40164,Trump
Washington,Virginia,53740,Trump
Westmoreland,Virginia,17612,Trump
Wise,Virginia,37383,Trump
Wythe,Virginia,29344,Trump
York,Virginia,68280,Trump
"Alexandria, City of[aa] ",Virginia,159428,Biden
"Bristol, City of[aa] ",Virginia,17341,Trump
"Buena Vista, City of[aa] ",Virginia,6680,Trump
"Charlottesville, City of[aa] ",Virginia,47266,Biden
"Chesapeake, City of[aa] ",Virginia,244835,Biden
"Colonial Heights, City of[aa] ",Virginia,17634,Trump
"Covington, City of[aa] ",Virginia,5818,Trump
"Danville, City of[aa] ",Virginia,40044,Biden
"Emporia, City of[aa] ",Virginia,5588,Biden
"Fairfax, City of[aa] ",Virginia,23973,Biden
"Falls Church, City of[aa] ",Virginia,13508,Biden
"Franklin, City of[aa] ",Virginia,8638,Biden
"Fredericksburg, City of[aa] ",Virginia,28132,Biden
"Galax, City of[aa] ",Virginia,7035,Trump
"Hampton, City of[aa] ",Virginia,134510,Biden
"Harrisonburg, City of[aa] ",Virginia,53016,Biden
"Hopewell, City of[aa] ",Virginia,22163,Biden
"Lexington, City of[aa] ",Virginia,7170,Biden
"Lynchburg, City of[aa] ",Virginia,82168,Biden
"Manassas, City of[aa] ",Virginia,41085,Biden
"Manassas Park, City of[aa] ",Virginia,16149,Biden
"Martinsville, City of[aa] ",Virginia,13755,Biden
"Newport News, City of[aa] ",Virginia,179225,Biden
"Norfolk, City of[aa] ",Virginia,242742,Biden
"Norton, City of[aa] ",Virginia,4017,Trump
"Petersburg, City of[aa] ",Virginia,32538,Biden
"Poquoson, City of[aa] ",Virginia,12104,Trump
"Portsmouth, City of[aa] ",Virginia,94398,Biden
"Radford, City of[aa] ",Virginia,17184,Biden
"Richmond, City of[aa] ",Virginia,230436,Biden
"Roanoke, City of[aa] ",Virginia,99143,Biden
"Salem, City of[aa] ",Virginia,25299,Trump
"Staunton, City of[aa] ",Virginia,24350,Biden
"Suffolk, City of[aa] ",Virginia,92108,Biden
"Virginia Beach, City of[aa] ",Virginia,449974,Biden
"Waynesboro, City of[aa] ",Virginia,21263,Trump
"Williamsburg, City of[aa] ",Virginia,15206,Biden
"Winchester, City of[aa] ",Virginia,27216,Biden
Adams,  Washington,19067,Trump
Asotin,  Washington,22110,Trump
Benton,  Washington,204390,Trump
Chelan,  Washington,77200,Biden
Clallam,  Washington,77331,Biden
Clark,  Washington,488241,Trump
Columbia,  Washington,4032,Trump
Cowlitz,  Washington,110593,Trump
Douglas,  Washington,43429,Trump
Ferry,  Washington,7646,Trump
Franklin,  Washington,95222,Trump
Garfield,  Washington,2256,Trump
Grant,  Washington,97733,Trump
Grays Harbor,  Washington,75061,Trump
Island,  Washington,85141,Biden
Jefferson,  Washington,30076,Biden
King,  Washington,2252782,Biden
Kitsap,  Washington,271473,Biden
Kittitas,  Washington,47935,Trump
Klickitat,  Washington,20866,Trump
Lewis,  Washington,80707,Trump
Lincoln,  Washington,10301,Trump
Mason,  Washington,66768,Trump
Okanogan,  Washington,42243,Trump
Pacific,  Washington,20498,Trump
Pend Oreille,  Washington,12896,Trump
Pierce,  Washington,904980,Biden
San Juan,  Washington,15875,Biden
Skagit,  Washington,129205,Biden
Skamania,  Washington,11274,Trump
Snohomish,  Washington,822083,Biden
Spokane,  Washington,522798,Trump
Stevens,  Washington,45723,Trump
Thurston,  Washington,290536,Biden
Wahkiakum,  Washington,4042,Trump
Walla Walla,  Washington,60760,Trump
Whatcom,  Washington,229247,Biden
Whitman,  Washington,50104,Biden
Yakima,  Washington,250873,Trump
Barbour,West Virginia,16770,Trump
Berkeley,West Virginia,119171,Trump
Boone,West Virginia,24224,Trump
Braxton,West Virginia,14502,Trump
Brooke,West Virginia,23737,Trump
Cabell,West Virginia,91945,Trump
Calhoun,West Virginia,7564,Trump
Clay,West Virginia,9244,Trump
Doddridge,West Virginia,8344,Trump
Fayette,West Virginia,42406,Trump
Gilmer,West Virginia,8672,Trump
Grant,West Virginia,11759,Trump
Greenbrier,West Virginia,35644,Trump
Hampshire,West Virginia,23445,Trump
Hancock,West Virginia,30291,Trump
Hardy,West Virginia,13920,Trump
Harrison,West Virginia,67256,Trump
Jackson,West Virginia,29178,Trump
Jefferson,West Virginia,57146,Trump
Kanawha,West Virginia,178124,Trump
Lewis,West Virginia,16452,Trump
Lincoln,West Virginia,21559,Trump
Logan,West Virginia,35987,Trump
McDowell,West Virginia,20876,Trump
Marion,West Virginia,56072,Trump
Marshall,West Virginia,32459,Trump
Mason,West Virginia,27126,Trump
Mercer,West Virginia,58758,Trump
Mineral,West Virginia,27704,Trump
Mingo,West Virginia,25900,Trump
Monongalia,West Virginia,105612,Trump
Monroe,West Virginia,13483,Trump
Morgan,West Virginia,17498,Trump
Nicholas,West Virginia,25965,Trump
Ohio,West Virginia,41411,Trump
Pendleton,West Virginia,7471,Trump
Pleasants,West Virginia,7577,Trump
Pocahontas,West Virginia,8669,Trump
Preston,West Virginia,33859,Trump
Putnam,West Virginia,56450,Trump
Raleigh,West Virginia,73361,Trump
Randolph,West Virginia,29415,Trump
Ritchie,West Virginia,10073,Trump
Roane,West Virginia,14656,Trump
Summers,West Virginia,13563,Trump
Taylor,West Virginia,16973,Trump
Tucker,West Virginia,6968,Trump
Tyler,West Virginia,8995,Trump
Upshur,West Virginia,24665,Trump
Wayne,West Virginia,39402,Trump
Webster,West Virginia,8893,Trump
Wetzel,West Virginia,16204,Trump
Wirt,West Virginia,5901,Trump
Wood,West Virginia,83518,Trump
Wyoming,West Virginia,23019,Trump
Adams,Wisconsin,20480,Trump
Ashland,Wisconsin,16016,Biden
Barron,Wisconsin,45244,Trump
Bayfield,Wisconsin,15156,Biden
Brown,Wisconsin,264542,Trump
Buffalo,Wisconsin,13357,Trump
Burnett,Wisconsin,15333,Trump
Calumet,Wisconsin,50089,Trump
Chippewa,Wisconsin,64658,Trump
Clark,Wisconsin,34615,Trump
Columbia,Wisconsin,57532,Trump
Crawford,Wisconsin,16397,Trump
Dane,Wisconsin,546695,Biden
Dodge,Wisconsin,87839,Trump
Door,Wisconsin,27896,Biden
Douglas,Wisconsin,43150,Biden
Dunn,Wisconsin,45368,Trump
Eau Claire,Wisconsin,104646,Biden
Florence,Wisconsin,4520,Trump
Fond du Lac,Wisconsin,103403,Trump
Forest,Wisconsin,9126,Trump
Grant,Wisconsin,51439,Trump
Green,Wisconsin,37090,Biden
Green Lake,Wisconsin,18959,Trump
Iowa,Wisconsin,23749,Biden
Iron,Wisconsin,5886,Trump
Jackson,Wisconsin,20644,Trump
Jefferson,Wisconsin,84769,Trump
Juneau,Wisconsin,26547,Trump
Kenosha,Wisconsin,169561,Trump
Kewaunee,Wisconsin,20505,Trump
La Crosse,Wisconsin,118016,Biden
Lafayette,Wisconsin,16766,Trump
Langlade,Wisconsin,19575,Trump
Lincoln,Wisconsin,28684,Trump
Manitowoc,Wisconsin,78981,Trump
Marathon,Wisconsin,135692,Trump
Marinette,Wisconsin,40350,Trump
Marquette,Wisconsin,15176,Trump
Menominee,Wisconsin,4317,Biden
Milwaukee,Wisconsin,945726,Biden
Monroe,Wisconsin,46253,Trump
Oconto,Wisconsin,37930,Trump
Oneida,Wisconsin,35689,Trump
Outagamie,Wisconsin,187885,Trump
Ozaukee,Wisconsin,89221,Trump
Pepin,Wisconsin,7360,Trump
Pierce,Wisconsin,42754,Trump
Polk,Wisconsin,43783,Trump
Portage,Wisconsin,70772,Biden
Price,Wisconsin,13802,Trump
Racine,Wisconsin,196311,Trump
Richland,Wisconsin,17717,Trump
Rock,Wisconsin,163354,Biden
Rusk,Wisconsin,14395,Trump
St. Croix,Wisconsin,90687,Trump
Sauk,Wisconsin,64442,Biden
Sawyer,Wisconsin,16513,Trump
Shawano,Wisconsin,40899,Trump
Sheboygan,Wisconsin,115340,Trump
Taylor,Wisconsin,20610,Trump
Trempealeau,Wisconsin,29582,Trump
Vernon,Wisconsin,30329,Trump
Vilas,Wisconsin,21368,Trump
Walworth,Wisconsin,103868,Trump
Washburn,Wisconsin,15686,Trump
Washington,Wisconsin,136034,Trump
Waukesha,Wisconsin,404198,Trump
Waupaca,Wisconsin,50990,Trump
Waushara,Wisconsin,24329,Trump
Winnebago,Wisconsin,171907,Trump
Wood,Wisconsin,72999,Trump
Albany,Wyoming,38880,Biden
Big Horn,Wyoming,11790,Trump
Campbell,Wyoming,46341,Trump
Carbon,Wyoming,14800,Trump
Converse,Wyoming,13822,Trump
Crook,Wyoming,7584,Trump
Fremont,Wyoming,39261,Trump
Goshen,Wyoming,13211,Trump
Hot Springs,Wyoming,4413,Trump
Johnson,Wyoming,8445,Trump
Laramie,Wyoming,99500,Trump
Lincoln,Wyoming,19830,Trump
Natrona,Wyoming,79858,Trump
Niobrara,Wyoming,2356,Trump
Park,Wyoming,29194,Trump
Platte,Wyoming,8393,Trump
Sheridan,Wyoming,30485,Trump
Sublette,Wyoming,9831,Trump
Sweetwater,Wyoming,42343,Trump
Teton,Wyoming,23464,Biden
Uinta,Wyoming,20226,Trump
Washakie,Wyoming,7805,Trump
Weston,Wyoming,6927,Trump
